INPUT:image,skin
https://raw.githubusercontent.com/BirkhoffG/crowd_project/main/true_face/00000.png,0
https://raw.githubusercontent.com/BirkhoffG/crowd_project/main/true_face/00001.png,0
https://raw.githubusercontent.com/BirkhoffG/crowd_project/main/true_face/00003.png,0
https://raw.githubusercontent.com/BirkhoffG/crowd_project/main/true_face/00004.png,0
https://raw.githubusercontent.com/BirkhoffG/crowd_project/main/true_face/00005.png,0
https://raw.githubusercontent.com/BirkhoffG/crowd_project/main/true_face/00006.png,0
https://raw.githubusercontent.com/BirkhoffG/crowd_project/main/true_face/00007.png,0
https://raw.githubusercontent.com/BirkhoffG/crowd_project/main/true_face/00008.png,0
https://raw.githubusercontent.com/BirkhoffG/crowd_project/main/true_face/00009.png,0
https://raw.githubusercontent.com/BirkhoffG/crowd_project/main/true_face/00010.png,0
https://raw.githubusercontent.com/BirkhoffG/crowd_project/main/true_face/00011.png,0
https://raw.githubusercontent.com/BirkhoffG/crowd_project/main/true_face/00012.png,0
https://raw.githubusercontent.com/BirkhoffG/crowd_project/main/true_face/00013.png,0
https://raw.githubusercontent.com/BirkhoffG/crowd_project/main/true_face/00014.png,0
https://raw.githubusercontent.com/BirkhoffG/crowd_project/main/true_face/00015.png,0
https://raw.githubusercontent.com/BirkhoffG/crowd_project/main/true_face/00016.png,0
https://raw.githubusercontent.com/BirkhoffG/crowd_project/main/true_face/00018.png,0
https://raw.githubusercontent.com/BirkhoffG/crowd_project/main/true_face/00019.png,0
https://raw.githubusercontent.com/BirkhoffG/crowd_project/main/true_face/00020.png,0
https://raw.githubusercontent.com/BirkhoffG/crowd_project/main/true_face/00021.png,0
https://raw.githubusercontent.com/BirkhoffG/crowd_project/main/true_face/00022.png,0
https://raw.githubusercontent.com/BirkhoffG/crowd_project/main/true_face/00023.png,0
https://raw.githubusercontent.com/BirkhoffG/crowd_project/main/true_face/00024.png,0
https://raw.githubusercontent.com/BirkhoffG/crowd_project/main/true_face/00025.png,0
https://raw.githubusercontent.com/BirkhoffG/crowd_project/main/true_face/00026.png,0
https://raw.githubusercontent.com/BirkhoffG/crowd_project/main/true_face/00027.png,0
https://raw.githubusercontent.com/BirkhoffG/crowd_project/main/true_face/00029.png,0
https://raw.githubusercontent.com/BirkhoffG/crowd_project/main/true_face/00030.png,0
https://raw.githubusercontent.com/BirkhoffG/crowd_project/main/true_face/00031.png,0
https://raw.githubusercontent.com/BirkhoffG/crowd_project/main/true_face/00032.png,0
https://raw.githubusercontent.com/BirkhoffG/crowd_project/main/true_face/00033.png,0
https://raw.githubusercontent.com/BirkhoffG/crowd_project/main/true_face/00034.png,0
https://raw.githubusercontent.com/BirkhoffG/crowd_project/main/true_face/00035.png,0
https://raw.githubusercontent.com/BirkhoffG/crowd_project/main/true_face/00036.png,0
https://raw.githubusercontent.com/BirkhoffG/crowd_project/main/true_face/00037.png,0
https://raw.githubusercontent.com/BirkhoffG/crowd_project/main/true_face/00038.png,0
https://raw.githubusercontent.com/BirkhoffG/crowd_project/main/true_face/00039.png,0
https://raw.githubusercontent.com/BirkhoffG/crowd_project/main/true_face/00040.png,0
https://raw.githubusercontent.com/BirkhoffG/crowd_project/main/true_face/00041.png,0
https://raw.githubusercontent.com/BirkhoffG/crowd_project/main/true_face/00042.png,0
https://raw.githubusercontent.com/BirkhoffG/crowd_project/main/true_face/00043.png,0
https://raw.githubusercontent.com/BirkhoffG/crowd_project/main/true_face/00044.png,0
https://raw.githubusercontent.com/BirkhoffG/crowd_project/main/true_face/00045.png,0
https://raw.githubusercontent.com/BirkhoffG/crowd_project/main/true_face/00046.png,0
https://raw.githubusercontent.com/BirkhoffG/crowd_project/main/true_face/00047.png,0
https://raw.githubusercontent.com/BirkhoffG/crowd_project/main/true_face/00048.png,0
https://raw.githubusercontent.com/BirkhoffG/crowd_project/main/true_face/00049.png,0
https://raw.githubusercontent.com/BirkhoffG/crowd_project/main/true_face/00050.png,0
https://raw.githubusercontent.com/BirkhoffG/crowd_project/main/true_face/00051.png,0
https://raw.githubusercontent.com/BirkhoffG/crowd_project/main/true_face/00052.png,0
https://raw.githubusercontent.com/BirkhoffG/crowd_project/main/true_face/00053.png,0
https://raw.githubusercontent.com/BirkhoffG/crowd_project/main/true_face/00054.png,0
https://raw.githubusercontent.com/BirkhoffG/crowd_project/main/true_face/00055.png,0
https://raw.githubusercontent.com/BirkhoffG/crowd_project/main/true_face/00056.png,0
https://raw.githubusercontent.com/BirkhoffG/crowd_project/main/true_face/00057.png,0
https://raw.githubusercontent.com/BirkhoffG/crowd_project/main/true_face/00058.png,0
https://raw.githubusercontent.com/BirkhoffG/crowd_project/main/true_face/00059.png,0
https://raw.githubusercontent.com/BirkhoffG/crowd_project/main/true_face/00061.png,0
https://raw.githubusercontent.com/BirkhoffG/crowd_project/main/true_face/00062.png,0
https://raw.githubusercontent.com/BirkhoffG/crowd_project/main/true_face/00063.png,0
https://raw.githubusercontent.com/BirkhoffG/crowd_project/main/true_face/00064.png,0
https://raw.githubusercontent.com/BirkhoffG/crowd_project/main/true_face/00065.png,0
https://raw.githubusercontent.com/BirkhoffG/crowd_project/main/true_face/00066.png,0
https://raw.githubusercontent.com/BirkhoffG/crowd_project/main/true_face/00067.png,0
https://raw.githubusercontent.com/BirkhoffG/crowd_project/main/true_face/00068.png,0
https://raw.githubusercontent.com/BirkhoffG/crowd_project/main/true_face/00069.png,0
https://raw.githubusercontent.com/BirkhoffG/crowd_project/main/true_face/00070.png,0
https://raw.githubusercontent.com/BirkhoffG/crowd_project/main/true_face/00071.png,0
https://raw.githubusercontent.com/BirkhoffG/crowd_project/main/true_face/00072.png,0
https://raw.githubusercontent.com/BirkhoffG/crowd_project/main/true_face/00073.png,0
https://raw.githubusercontent.com/BirkhoffG/crowd_project/main/true_face/00074.png,0
https://raw.githubusercontent.com/BirkhoffG/crowd_project/main/true_face/00075.png,0
https://raw.githubusercontent.com/BirkhoffG/crowd_project/main/true_face/00076.png,0
https://raw.githubusercontent.com/BirkhoffG/crowd_project/main/true_face/00077.png,0
https://raw.githubusercontent.com/BirkhoffG/crowd_project/main/true_face/00078.png,0
https://raw.githubusercontent.com/BirkhoffG/crowd_project/main/true_face/00079.png,0
https://raw.githubusercontent.com/BirkhoffG/crowd_project/main/true_face/00080.png,0
https://raw.githubusercontent.com/BirkhoffG/crowd_project/main/true_face/00081.png,0
https://raw.githubusercontent.com/BirkhoffG/crowd_project/main/true_face/00082.png,0
https://raw.githubusercontent.com/BirkhoffG/crowd_project/main/true_face/00083.png,0
https://raw.githubusercontent.com/BirkhoffG/crowd_project/main/true_face/00084.png,0
https://raw.githubusercontent.com/BirkhoffG/crowd_project/main/true_face/00085.png,0
https://raw.githubusercontent.com/BirkhoffG/crowd_project/main/true_face/00086.png,0
https://raw.githubusercontent.com/BirkhoffG/crowd_project/main/true_face/00087.png,0
https://raw.githubusercontent.com/BirkhoffG/crowd_project/main/true_face/00088.png,0
https://raw.githubusercontent.com/BirkhoffG/crowd_project/main/true_face/00089.png,0
https://raw.githubusercontent.com/BirkhoffG/crowd_project/main/true_face/00090.png,0
https://raw.githubusercontent.com/BirkhoffG/crowd_project/main/true_face/00091.png,0
https://raw.githubusercontent.com/BirkhoffG/crowd_project/main/true_face/00092.png,0
https://raw.githubusercontent.com/BirkhoffG/crowd_project/main/true_face/00093.png,0
https://raw.githubusercontent.com/BirkhoffG/crowd_project/main/true_face/00094.png,0
https://raw.githubusercontent.com/BirkhoffG/crowd_project/main/true_face/00095.png,0
https://raw.githubusercontent.com/BirkhoffG/crowd_project/main/true_face/00096.png,0
https://raw.githubusercontent.com/BirkhoffG/crowd_project/main/true_face/00097.png,0
https://raw.githubusercontent.com/BirkhoffG/crowd_project/main/true_face/00098.png,0
https://raw.githubusercontent.com/BirkhoffG/crowd_project/main/true_face/00099.png,0
https://raw.githubusercontent.com/BirkhoffG/crowd_project/main/true_face/00100.png,0
https://raw.githubusercontent.com/BirkhoffG/crowd_project/main/true_face/00101.png,0
https://raw.githubusercontent.com/BirkhoffG/crowd_project/main/true_face/00102.png,0
https://raw.githubusercontent.com/BirkhoffG/crowd_project/main/true_face/00104.png,0
https://raw.githubusercontent.com/BirkhoffG/crowd_project/main/true_face/00002.png,1
https://raw.githubusercontent.com/BirkhoffG/crowd_project/main/true_face/00017.png,1
https://raw.githubusercontent.com/BirkhoffG/crowd_project/main/true_face/00028.png,1
https://raw.githubusercontent.com/BirkhoffG/crowd_project/main/true_face/00060.png,1
https://raw.githubusercontent.com/BirkhoffG/crowd_project/main/true_face/00103.png,1
https://raw.githubusercontent.com/BirkhoffG/crowd_project/main/true_face/00112.png,1
https://raw.githubusercontent.com/BirkhoffG/crowd_project/main/true_face/00116.png,1
https://raw.githubusercontent.com/BirkhoffG/crowd_project/main/true_face/00145.png,1
https://raw.githubusercontent.com/BirkhoffG/crowd_project/main/true_face/00180.png,1
https://raw.githubusercontent.com/BirkhoffG/crowd_project/main/true_face/00183.png,1
https://raw.githubusercontent.com/BirkhoffG/crowd_project/main/true_face/00195.png,1
https://raw.githubusercontent.com/BirkhoffG/crowd_project/main/true_face/00198.png,1
https://raw.githubusercontent.com/BirkhoffG/crowd_project/main/true_face/00199.png,1
https://raw.githubusercontent.com/BirkhoffG/crowd_project/main/true_face/00253.png,1
https://raw.githubusercontent.com/BirkhoffG/crowd_project/main/true_face/00265.png,1
https://raw.githubusercontent.com/BirkhoffG/crowd_project/main/true_face/00269.png,1
https://raw.githubusercontent.com/BirkhoffG/crowd_project/main/true_face/00293.png,1
https://raw.githubusercontent.com/BirkhoffG/crowd_project/main/true_face/00304.png,1
https://raw.githubusercontent.com/BirkhoffG/crowd_project/main/true_face/00317.png,1
https://raw.githubusercontent.com/BirkhoffG/crowd_project/main/true_face/00322.png,1
https://raw.githubusercontent.com/BirkhoffG/crowd_project/main/true_face/00324.png,1
https://raw.githubusercontent.com/BirkhoffG/crowd_project/main/true_face/00343.png,1
https://raw.githubusercontent.com/BirkhoffG/crowd_project/main/true_face/00351.png,1
https://raw.githubusercontent.com/BirkhoffG/crowd_project/main/true_face/00354.png,1
https://raw.githubusercontent.com/BirkhoffG/crowd_project/main/true_face/00358.png,1
https://raw.githubusercontent.com/BirkhoffG/crowd_project/main/true_face/00361.png,1
https://raw.githubusercontent.com/BirkhoffG/crowd_project/main/true_face/00369.png,1
https://raw.githubusercontent.com/BirkhoffG/crowd_project/main/true_face/00371.png,1
https://raw.githubusercontent.com/BirkhoffG/crowd_project/main/true_face/00375.png,1
https://raw.githubusercontent.com/BirkhoffG/crowd_project/main/true_face/00387.png,1
https://raw.githubusercontent.com/BirkhoffG/crowd_project/main/true_face/00394.png,1
https://raw.githubusercontent.com/BirkhoffG/crowd_project/main/true_face/00418.png,1
https://raw.githubusercontent.com/BirkhoffG/crowd_project/main/true_face/00444.png,1
https://raw.githubusercontent.com/BirkhoffG/crowd_project/main/true_face/00453.png,1
https://raw.githubusercontent.com/BirkhoffG/crowd_project/main/true_face/00456.png,1
https://raw.githubusercontent.com/BirkhoffG/crowd_project/main/true_face/00468.png,1
https://raw.githubusercontent.com/BirkhoffG/crowd_project/main/true_face/00472.png,1
https://raw.githubusercontent.com/BirkhoffG/crowd_project/main/true_face/00473.png,1
https://raw.githubusercontent.com/BirkhoffG/crowd_project/main/true_face/00515.png,1
https://raw.githubusercontent.com/BirkhoffG/crowd_project/main/true_face/00525.png,1
https://raw.githubusercontent.com/BirkhoffG/crowd_project/main/true_face/00548.png,1
https://raw.githubusercontent.com/BirkhoffG/crowd_project/main/true_face/00558.png,1
https://raw.githubusercontent.com/BirkhoffG/crowd_project/main/true_face/00560.png,1
https://raw.githubusercontent.com/BirkhoffG/crowd_project/main/true_face/00574.png,1
https://raw.githubusercontent.com/BirkhoffG/crowd_project/main/true_face/00575.png,1
https://raw.githubusercontent.com/BirkhoffG/crowd_project/main/true_face/00598.png,1
https://raw.githubusercontent.com/BirkhoffG/crowd_project/main/true_face/00600.png,1
https://raw.githubusercontent.com/BirkhoffG/crowd_project/main/true_face/00606.png,1
https://raw.githubusercontent.com/BirkhoffG/crowd_project/main/true_face/00625.png,1
https://raw.githubusercontent.com/BirkhoffG/crowd_project/main/true_face/00635.png,1
https://raw.githubusercontent.com/BirkhoffG/crowd_project/main/true_face/00646.png,1
https://raw.githubusercontent.com/BirkhoffG/crowd_project/main/true_face/00663.png,1
https://raw.githubusercontent.com/BirkhoffG/crowd_project/main/true_face/00695.png,1
https://raw.githubusercontent.com/BirkhoffG/crowd_project/main/true_face/00697.png,1
https://raw.githubusercontent.com/BirkhoffG/crowd_project/main/true_face/00704.png,1
https://raw.githubusercontent.com/BirkhoffG/crowd_project/main/true_face/00706.png,1
https://raw.githubusercontent.com/BirkhoffG/crowd_project/main/true_face/00709.png,1
https://raw.githubusercontent.com/BirkhoffG/crowd_project/main/true_face/00710.png,1
https://raw.githubusercontent.com/BirkhoffG/crowd_project/main/true_face/00715.png,1
https://raw.githubusercontent.com/BirkhoffG/crowd_project/main/true_face/00716.png,1
https://raw.githubusercontent.com/BirkhoffG/crowd_project/main/true_face/00728.png,1
https://raw.githubusercontent.com/BirkhoffG/crowd_project/main/true_face/00737.png,1
https://raw.githubusercontent.com/BirkhoffG/crowd_project/main/true_face/00740.png,1
https://raw.githubusercontent.com/BirkhoffG/crowd_project/main/true_face/00751.png,1
https://raw.githubusercontent.com/BirkhoffG/crowd_project/main/true_face/00753.png,1
https://raw.githubusercontent.com/BirkhoffG/crowd_project/main/true_face/00758.png,1
https://raw.githubusercontent.com/BirkhoffG/crowd_project/main/true_face/00759.png,1
https://raw.githubusercontent.com/BirkhoffG/crowd_project/main/true_face/00768.png,1
https://raw.githubusercontent.com/BirkhoffG/crowd_project/main/true_face/00769.png,1
https://raw.githubusercontent.com/BirkhoffG/crowd_project/main/true_face/00793.png,1
https://raw.githubusercontent.com/BirkhoffG/crowd_project/main/true_face/00795.png,1
https://raw.githubusercontent.com/BirkhoffG/crowd_project/main/true_face/00810.png,1
https://raw.githubusercontent.com/BirkhoffG/crowd_project/main/true_face/00816.png,1
https://raw.githubusercontent.com/BirkhoffG/crowd_project/main/true_face/00827.png,1
https://raw.githubusercontent.com/BirkhoffG/crowd_project/main/true_face/00832.png,1
https://raw.githubusercontent.com/BirkhoffG/crowd_project/main/true_face/00837.png,1
https://raw.githubusercontent.com/BirkhoffG/crowd_project/main/true_face/00840.png,1
https://raw.githubusercontent.com/BirkhoffG/crowd_project/main/true_face/00845.png,1
https://raw.githubusercontent.com/BirkhoffG/crowd_project/main/true_face/00846.png,1
https://raw.githubusercontent.com/BirkhoffG/crowd_project/main/true_face/00853.png,1
https://raw.githubusercontent.com/BirkhoffG/crowd_project/main/true_face/00861.png,1
https://raw.githubusercontent.com/BirkhoffG/crowd_project/main/true_face/00874.png,1
https://raw.githubusercontent.com/BirkhoffG/crowd_project/main/true_face/00879.png,1
https://raw.githubusercontent.com/BirkhoffG/crowd_project/main/true_face/00881.png,1
https://raw.githubusercontent.com/BirkhoffG/crowd_project/main/true_face/00884.png,1
https://raw.githubusercontent.com/BirkhoffG/crowd_project/main/true_face/00897.png,1
https://raw.githubusercontent.com/BirkhoffG/crowd_project/main/true_face/00902.png,1
https://raw.githubusercontent.com/BirkhoffG/crowd_project/main/true_face/00917.png,1
https://raw.githubusercontent.com/BirkhoffG/crowd_project/main/true_face/00920.png,1
https://raw.githubusercontent.com/BirkhoffG/crowd_project/main/true_face/00923.png,1
https://raw.githubusercontent.com/BirkhoffG/crowd_project/main/true_face/00924.png,1
https://raw.githubusercontent.com/BirkhoffG/crowd_project/main/true_face/00925.png,1
https://raw.githubusercontent.com/BirkhoffG/crowd_project/main/true_face/00936.png,1
https://raw.githubusercontent.com/BirkhoffG/crowd_project/main/true_face/00938.png,1
https://raw.githubusercontent.com/BirkhoffG/crowd_project/main/true_face/00942.png,1
https://raw.githubusercontent.com/BirkhoffG/crowd_project/main/true_face/00945.png,1
https://raw.githubusercontent.com/BirkhoffG/crowd_project/main/true_face/00953.png,1
https://raw.githubusercontent.com/BirkhoffG/crowd_project/main/true_face/00955.png,1
https://raw.githubusercontent.com/BirkhoffG/crowd_project/main/true_face/00962.png,1
https://raw.githubusercontent.com/BirkhoffG/crowd_project/main/true_face/00969.png,1
https://raw.githubusercontent.com/BirkhoffG/crowd_project/main/img/img_2.png,0
https://raw.githubusercontent.com/BirkhoffG/crowd_project/main/img/img_4.png,0
https://raw.githubusercontent.com/BirkhoffG/crowd_project/main/img/img_6.png,0
https://raw.githubusercontent.com/BirkhoffG/crowd_project/main/img/img_8.png,0
https://raw.githubusercontent.com/BirkhoffG/crowd_project/main/img/img_10.png,0
https://raw.githubusercontent.com/BirkhoffG/crowd_project/main/img/img_12.png,0
https://raw.githubusercontent.com/BirkhoffG/crowd_project/main/img/img_14.png,0
https://raw.githubusercontent.com/BirkhoffG/crowd_project/main/img/img_16.png,0
https://raw.githubusercontent.com/BirkhoffG/crowd_project/main/img/img_18.png,0
https://raw.githubusercontent.com/BirkhoffG/crowd_project/main/img/img_20.png,0
https://raw.githubusercontent.com/BirkhoffG/crowd_project/main/img/img_22.png,0
https://raw.githubusercontent.com/BirkhoffG/crowd_project/main/img/img_24.png,0
https://raw.githubusercontent.com/BirkhoffG/crowd_project/main/img/img_26.png,0
https://raw.githubusercontent.com/BirkhoffG/crowd_project/main/img/img_28.png,0
https://raw.githubusercontent.com/BirkhoffG/crowd_project/main/img/img_32.png,0
https://raw.githubusercontent.com/BirkhoffG/crowd_project/main/img/img_34.png,0
https://raw.githubusercontent.com/BirkhoffG/crowd_project/main/img/img_36.png,0
https://raw.githubusercontent.com/BirkhoffG/crowd_project/main/img/img_38.png,0
https://raw.githubusercontent.com/BirkhoffG/crowd_project/main/img/img_40.png,0
https://raw.githubusercontent.com/BirkhoffG/crowd_project/main/img/img_42.png,0
https://raw.githubusercontent.com/BirkhoffG/crowd_project/main/img/img_44.png,0
https://raw.githubusercontent.com/BirkhoffG/crowd_project/main/img/img_46.png,0
https://raw.githubusercontent.com/BirkhoffG/crowd_project/main/img/img_48.png,0
https://raw.githubusercontent.com/BirkhoffG/crowd_project/main/img/img_50.png,0
https://raw.githubusercontent.com/BirkhoffG/crowd_project/main/img/img_52.png,0
https://raw.githubusercontent.com/BirkhoffG/crowd_project/main/img/img_54.png,0
https://raw.githubusercontent.com/BirkhoffG/crowd_project/main/img/img_56.png,0
https://raw.githubusercontent.com/BirkhoffG/crowd_project/main/img/img_58.png,0
https://raw.githubusercontent.com/BirkhoffG/crowd_project/main/img/img_60.png,0
https://raw.githubusercontent.com/BirkhoffG/crowd_project/main/img/img_62.png,0
https://raw.githubusercontent.com/BirkhoffG/crowd_project/main/img/img_64.png,0
https://raw.githubusercontent.com/BirkhoffG/crowd_project/main/img/img_66.png,0
https://raw.githubusercontent.com/BirkhoffG/crowd_project/main/img/img_68.png,0
https://raw.githubusercontent.com/BirkhoffG/crowd_project/main/img/img_70.png,0
https://raw.githubusercontent.com/BirkhoffG/crowd_project/main/img/img_72.png,0
https://raw.githubusercontent.com/BirkhoffG/crowd_project/main/img/img_74.png,0
https://raw.githubusercontent.com/BirkhoffG/crowd_project/main/img/img_76.png,0
https://raw.githubusercontent.com/BirkhoffG/crowd_project/main/img/img_78.png,0
https://raw.githubusercontent.com/BirkhoffG/crowd_project/main/img/img_80.png,0
https://raw.githubusercontent.com/BirkhoffG/crowd_project/main/img/img_82.png,0
https://raw.githubusercontent.com/BirkhoffG/crowd_project/main/img/img_84.png,0
https://raw.githubusercontent.com/BirkhoffG/crowd_project/main/img/img_86.png,0
https://raw.githubusercontent.com/BirkhoffG/crowd_project/main/img/img_88.png,0
https://raw.githubusercontent.com/BirkhoffG/crowd_project/main/img/img_90.png,0
https://raw.githubusercontent.com/BirkhoffG/crowd_project/main/img/img_92.png,0
https://raw.githubusercontent.com/BirkhoffG/crowd_project/main/img/img_94.png,0
https://raw.githubusercontent.com/BirkhoffG/crowd_project/main/img/img_96.png,0
https://raw.githubusercontent.com/BirkhoffG/crowd_project/main/img/img_98.png,0
https://raw.githubusercontent.com/BirkhoffG/crowd_project/main/img/img_100.png,0
https://raw.githubusercontent.com/BirkhoffG/crowd_project/main/img/img_102.png,0
https://raw.githubusercontent.com/BirkhoffG/crowd_project/main/img/img_104.png,0
https://raw.githubusercontent.com/BirkhoffG/crowd_project/main/img/img_106.png,0
https://raw.githubusercontent.com/BirkhoffG/crowd_project/main/img/img_108.png,0
https://raw.githubusercontent.com/BirkhoffG/crowd_project/main/img/img_110.png,0
https://raw.githubusercontent.com/BirkhoffG/crowd_project/main/img/img_112.png,0
https://raw.githubusercontent.com/BirkhoffG/crowd_project/main/img/img_114.png,0
https://raw.githubusercontent.com/BirkhoffG/crowd_project/main/img/img_116.png,0
https://raw.githubusercontent.com/BirkhoffG/crowd_project/main/img/img_118.png,0
https://raw.githubusercontent.com/BirkhoffG/crowd_project/main/img/img_120.png,0
https://raw.githubusercontent.com/BirkhoffG/crowd_project/main/img/img_126.png,0
https://raw.githubusercontent.com/BirkhoffG/crowd_project/main/img/img_128.png,0
https://raw.githubusercontent.com/BirkhoffG/crowd_project/main/img/img_130.png,0
https://raw.githubusercontent.com/BirkhoffG/crowd_project/main/img/img_132.png,0
https://raw.githubusercontent.com/BirkhoffG/crowd_project/main/img/img_134.png,0
https://raw.githubusercontent.com/BirkhoffG/crowd_project/main/img/img_136.png,0
https://raw.githubusercontent.com/BirkhoffG/crowd_project/main/img/img_138.png,0
https://raw.githubusercontent.com/BirkhoffG/crowd_project/main/img/img_140.png,0
https://raw.githubusercontent.com/BirkhoffG/crowd_project/main/img/img_142.png,0
https://raw.githubusercontent.com/BirkhoffG/crowd_project/main/img/img_146.png,0
https://raw.githubusercontent.com/BirkhoffG/crowd_project/main/img/img_148.png,0
https://raw.githubusercontent.com/BirkhoffG/crowd_project/main/img/img_150.png,0
https://raw.githubusercontent.com/BirkhoffG/crowd_project/main/img/img_154.png,0
https://raw.githubusercontent.com/BirkhoffG/crowd_project/main/img/img_156.png,0
https://raw.githubusercontent.com/BirkhoffG/crowd_project/main/img/img_158.png,0
https://raw.githubusercontent.com/BirkhoffG/crowd_project/main/img/img_160.png,0
https://raw.githubusercontent.com/BirkhoffG/crowd_project/main/img/img_162.png,0
https://raw.githubusercontent.com/BirkhoffG/crowd_project/main/img/img_164.png,0
https://raw.githubusercontent.com/BirkhoffG/crowd_project/main/img/img_166.png,0
https://raw.githubusercontent.com/BirkhoffG/crowd_project/main/img/img_168.png,0
https://raw.githubusercontent.com/BirkhoffG/crowd_project/main/img/img_170.png,0
https://raw.githubusercontent.com/BirkhoffG/crowd_project/main/img/img_172.png,0
https://raw.githubusercontent.com/BirkhoffG/crowd_project/main/img/img_174.png,0
https://raw.githubusercontent.com/BirkhoffG/crowd_project/main/img/img_176.png,0
https://raw.githubusercontent.com/BirkhoffG/crowd_project/main/img/img_178.png,0
https://raw.githubusercontent.com/BirkhoffG/crowd_project/main/img/img_180.png,0
https://raw.githubusercontent.com/BirkhoffG/crowd_project/main/img/img_182.png,0
https://raw.githubusercontent.com/BirkhoffG/crowd_project/main/img/img_186.png,0
https://raw.githubusercontent.com/BirkhoffG/crowd_project/main/img/img_188.png,0
https://raw.githubusercontent.com/BirkhoffG/crowd_project/main/img/img_190.png,0
https://raw.githubusercontent.com/BirkhoffG/crowd_project/main/img/img_192.png,0
https://raw.githubusercontent.com/BirkhoffG/crowd_project/main/img/img_194.png,0
https://raw.githubusercontent.com/BirkhoffG/crowd_project/main/img/img_196.png,0
https://raw.githubusercontent.com/BirkhoffG/crowd_project/main/img/img_198.png,0
https://raw.githubusercontent.com/BirkhoffG/crowd_project/main/img/img_200.png,0
https://raw.githubusercontent.com/BirkhoffG/crowd_project/main/img/img_202.png,0
https://raw.githubusercontent.com/BirkhoffG/crowd_project/main/img/img_204.png,0
https://raw.githubusercontent.com/BirkhoffG/crowd_project/main/img/img_206.png,0
https://raw.githubusercontent.com/BirkhoffG/crowd_project/main/img/img_208.png,0
https://raw.githubusercontent.com/BirkhoffG/crowd_project/main/img/img_210.png,0
https://raw.githubusercontent.com/BirkhoffG/crowd_project/main/img/img_212.png,0
https://raw.githubusercontent.com/BirkhoffG/crowd_project/main/img/img_30.png,1
https://raw.githubusercontent.com/BirkhoffG/crowd_project/main/img/img_122.png,1
https://raw.githubusercontent.com/BirkhoffG/crowd_project/main/img/img_124.png,1
https://raw.githubusercontent.com/BirkhoffG/crowd_project/main/img/img_144.png,1
https://raw.githubusercontent.com/BirkhoffG/crowd_project/main/img/img_152.png,1
https://raw.githubusercontent.com/BirkhoffG/crowd_project/main/img/img_184.png,1
https://raw.githubusercontent.com/BirkhoffG/crowd_project/main/img/img_236.png,1
https://raw.githubusercontent.com/BirkhoffG/crowd_project/main/img/img_258.png,1
https://raw.githubusercontent.com/BirkhoffG/crowd_project/main/img/img_266.png,1
https://raw.githubusercontent.com/BirkhoffG/crowd_project/main/img/img_280.png,1
https://raw.githubusercontent.com/BirkhoffG/crowd_project/main/img/img_304.png,1
https://raw.githubusercontent.com/BirkhoffG/crowd_project/main/img/img_324.png,1
https://raw.githubusercontent.com/BirkhoffG/crowd_project/main/img/img_326.png,1
https://raw.githubusercontent.com/BirkhoffG/crowd_project/main/img/img_336.png,1
https://raw.githubusercontent.com/BirkhoffG/crowd_project/main/img/img_346.png,1
https://raw.githubusercontent.com/BirkhoffG/crowd_project/main/img/img_370.png,1
https://raw.githubusercontent.com/BirkhoffG/crowd_project/main/img/img_400.png,1
https://raw.githubusercontent.com/BirkhoffG/crowd_project/main/img/img_416.png,1
https://raw.githubusercontent.com/BirkhoffG/crowd_project/main/img/img_432.png,1
https://raw.githubusercontent.com/BirkhoffG/crowd_project/main/img/img_462.png,1
https://raw.githubusercontent.com/BirkhoffG/crowd_project/main/img/img_498.png,1
https://raw.githubusercontent.com/BirkhoffG/crowd_project/main/img/img_518.png,1
https://raw.githubusercontent.com/BirkhoffG/crowd_project/main/img/img_520.png,1
https://raw.githubusercontent.com/BirkhoffG/crowd_project/main/img/img_522.png,1
https://raw.githubusercontent.com/BirkhoffG/crowd_project/main/img/img_540.png,1
https://raw.githubusercontent.com/BirkhoffG/crowd_project/main/img/img_550.png,1
https://raw.githubusercontent.com/BirkhoffG/crowd_project/main/img/img_570.png,1
https://raw.githubusercontent.com/BirkhoffG/crowd_project/main/img/img_592.png,1
https://raw.githubusercontent.com/BirkhoffG/crowd_project/main/img/img_614.png,1
https://raw.githubusercontent.com/BirkhoffG/crowd_project/main/img/img_626.png,1
https://raw.githubusercontent.com/BirkhoffG/crowd_project/main/img/img_632.png,1
https://raw.githubusercontent.com/BirkhoffG/crowd_project/main/img/img_652.png,1
https://raw.githubusercontent.com/BirkhoffG/crowd_project/main/img/img_714.png,1
https://raw.githubusercontent.com/BirkhoffG/crowd_project/main/img/img_730.png,1
https://raw.githubusercontent.com/BirkhoffG/crowd_project/main/img/img_828.png,1
https://raw.githubusercontent.com/BirkhoffG/crowd_project/main/img/img_886.png,1
https://raw.githubusercontent.com/BirkhoffG/crowd_project/main/img/img_892.png,1
https://raw.githubusercontent.com/BirkhoffG/crowd_project/main/img/img_912.png,1
https://raw.githubusercontent.com/BirkhoffG/crowd_project/main/img/img_936.png,1
https://raw.githubusercontent.com/BirkhoffG/crowd_project/main/img/img_940.png,1
https://raw.githubusercontent.com/BirkhoffG/crowd_project/main/img/img_944.png,1
https://raw.githubusercontent.com/BirkhoffG/crowd_project/main/img/img_952.png,1
https://raw.githubusercontent.com/BirkhoffG/crowd_project/main/img/img_996.png,1
https://raw.githubusercontent.com/BirkhoffG/crowd_project/main/img/img_1010.png,1
https://raw.githubusercontent.com/BirkhoffG/crowd_project/main/img/img_1017.png,1
https://raw.githubusercontent.com/BirkhoffG/crowd_project/main/img/img_1031.png,1
https://raw.githubusercontent.com/BirkhoffG/crowd_project/main/img/img_1048.png,1
https://raw.githubusercontent.com/BirkhoffG/crowd_project/main/img/img_1051.png,1
https://raw.githubusercontent.com/BirkhoffG/crowd_project/main/img/img_1059.png,1
https://raw.githubusercontent.com/BirkhoffG/crowd_project/main/img/img_1072.png,1
https://raw.githubusercontent.com/BirkhoffG/crowd_project/main/img/img_1109.png,1
https://raw.githubusercontent.com/BirkhoffG/crowd_project/main/img/img_1113.png,1
https://raw.githubusercontent.com/BirkhoffG/crowd_project/main/img/img_1134.png,1
https://raw.githubusercontent.com/BirkhoffG/crowd_project/main/img/img_1135.png,1
https://raw.githubusercontent.com/BirkhoffG/crowd_project/main/img/img_1141.png,1
https://raw.githubusercontent.com/BirkhoffG/crowd_project/main/img/img_1146.png,1
https://raw.githubusercontent.com/BirkhoffG/crowd_project/main/img/img_1176.png,1
https://raw.githubusercontent.com/BirkhoffG/crowd_project/main/img/img_1184.png,1
https://raw.githubusercontent.com/BirkhoffG/crowd_project/main/img/img_1190.png,1
https://raw.githubusercontent.com/BirkhoffG/crowd_project/main/img/img_1202.png,1
https://raw.githubusercontent.com/BirkhoffG/crowd_project/main/img/img_1207.png,1
https://raw.githubusercontent.com/BirkhoffG/crowd_project/main/img/img_1217.png,1
https://raw.githubusercontent.com/BirkhoffG/crowd_project/main/img/img_1220.png,1
https://raw.githubusercontent.com/BirkhoffG/crowd_project/main/img/img_1232.png,1
https://raw.githubusercontent.com/BirkhoffG/crowd_project/main/img/img_1233.png,1
https://raw.githubusercontent.com/BirkhoffG/crowd_project/main/img/img_1234.png,1
https://raw.githubusercontent.com/BirkhoffG/crowd_project/main/img/img_1248.png,1
https://raw.githubusercontent.com/BirkhoffG/crowd_project/main/img/img_1251.png,1
https://raw.githubusercontent.com/BirkhoffG/crowd_project/main/img/img_1258.png,1
https://raw.githubusercontent.com/BirkhoffG/crowd_project/main/img/img_1272.png,1
https://raw.githubusercontent.com/BirkhoffG/crowd_project/main/img/img_1303.png,1
https://raw.githubusercontent.com/BirkhoffG/crowd_project/main/img/img_1311.png,1
https://raw.githubusercontent.com/BirkhoffG/crowd_project/main/img/img_1312.png,1
https://raw.githubusercontent.com/BirkhoffG/crowd_project/main/img/img_1336.png,1
https://raw.githubusercontent.com/BirkhoffG/crowd_project/main/img/img_1358.png,1
https://raw.githubusercontent.com/BirkhoffG/crowd_project/main/img/img_1366.png,1
https://raw.githubusercontent.com/BirkhoffG/crowd_project/main/img/img_1367.png,1
https://raw.githubusercontent.com/BirkhoffG/crowd_project/main/img/img_1370.png,1
https://raw.githubusercontent.com/BirkhoffG/crowd_project/main/img/img_1372.png,1
https://raw.githubusercontent.com/BirkhoffG/crowd_project/main/img/img_1398.png,1
https://raw.githubusercontent.com/BirkhoffG/crowd_project/main/img/img_1404.png,1
https://raw.githubusercontent.com/BirkhoffG/crowd_project/main/img/img_1418.png,1
https://raw.githubusercontent.com/BirkhoffG/crowd_project/main/img/img_1437.png,1
https://raw.githubusercontent.com/BirkhoffG/crowd_project/main/img/img_1445.png,1
https://raw.githubusercontent.com/BirkhoffG/crowd_project/main/img/img_1465.png,1
https://raw.githubusercontent.com/BirkhoffG/crowd_project/main/img/img_1468.png,1
https://raw.githubusercontent.com/BirkhoffG/crowd_project/main/img/img_1474.png,1
https://raw.githubusercontent.com/BirkhoffG/crowd_project/main/img/img_1478.png,1
https://raw.githubusercontent.com/BirkhoffG/crowd_project/main/img/img_1482.png,1
https://raw.githubusercontent.com/BirkhoffG/crowd_project/main/img/img_1486.png,1
https://raw.githubusercontent.com/BirkhoffG/crowd_project/main/img/img_1520.png,1
https://raw.githubusercontent.com/BirkhoffG/crowd_project/main/img/img_1527.png,1
https://raw.githubusercontent.com/BirkhoffG/crowd_project/main/img/img_1531.png,1
https://raw.githubusercontent.com/BirkhoffG/crowd_project/main/img/img_1534.png,1
https://raw.githubusercontent.com/BirkhoffG/crowd_project/main/img/img_1541.png,1
https://raw.githubusercontent.com/BirkhoffG/crowd_project/main/img/img_1550.png,1
https://raw.githubusercontent.com/BirkhoffG/crowd_project/main/img/img_1560.png,1
https://raw.githubusercontent.com/BirkhoffG/crowd_project/main/img/img_1580.png,1
https://raw.githubusercontent.com/BirkhoffG/crowd_project/main/img/img_1587.png,1
https://raw.githubusercontent.com/BirkhoffG/crowd_project/main/img/img_1590.png,1
