INPUT:image	GOLDEN:gender	GOLDEN:result	GOLDEN:confidence
https://raw.githubusercontent.com/BirkhoffG/crowd_project/main/original/40501.png		0	
https://raw.githubusercontent.com/BirkhoffG/crowd_project/main/original/40502.png		0	
https://raw.githubusercontent.com/BirkhoffG/crowd_project/main/original/40503.png		0	
https://raw.githubusercontent.com/BirkhoffG/crowd_project/main/original/40504.png		0	
https://raw.githubusercontent.com/BirkhoffG/crowd_project/main/original/40505.png		0	
https://raw.githubusercontent.com/BirkhoffG/crowd_project/main/original/40506.png		0	
https://raw.githubusercontent.com/BirkhoffG/crowd_project/main/original/40507.png		0	
https://raw.githubusercontent.com/BirkhoffG/crowd_project/main/original/40508.png		0	
https://raw.githubusercontent.com/BirkhoffG/crowd_project/main/original/40509.png		0	
https://raw.githubusercontent.com/BirkhoffG/crowd_project/main/original/40510.png		0	
https://raw.githubusercontent.com/BirkhoffG/crowd_project/main/original/40511.png		0	
https://raw.githubusercontent.com/BirkhoffG/crowd_project/main/original/40512.png		0	
https://raw.githubusercontent.com/BirkhoffG/crowd_project/main/original/40513.png		0	
https://raw.githubusercontent.com/BirkhoffG/crowd_project/main/original/40514.png		0	
https://raw.githubusercontent.com/BirkhoffG/crowd_project/main/original/40515.png		0	
https://raw.githubusercontent.com/BirkhoffG/crowd_project/main/original/40516.png		0	
https://raw.githubusercontent.com/BirkhoffG/crowd_project/main/original/40517.png		0	
https://raw.githubusercontent.com/BirkhoffG/crowd_project/main/original/40518.png		0	
https://raw.githubusercontent.com/BirkhoffG/crowd_project/main/original/40519.png		0	
https://raw.githubusercontent.com/BirkhoffG/crowd_project/main/original/40520.png		0	
https://raw.githubusercontent.com/BirkhoffG/crowd_project/main/original/40521.png		0	
https://raw.githubusercontent.com/BirkhoffG/crowd_project/main/original/40522.png		0	
https://raw.githubusercontent.com/BirkhoffG/crowd_project/main/original/40523.png		0	
https://raw.githubusercontent.com/BirkhoffG/crowd_project/main/original/40524.png		0	
https://raw.githubusercontent.com/BirkhoffG/crowd_project/main/original/40525.png		0	
https://raw.githubusercontent.com/BirkhoffG/crowd_project/main/original/40526.png		0	
https://raw.githubusercontent.com/BirkhoffG/crowd_project/main/original/40527.png		0	
https://raw.githubusercontent.com/BirkhoffG/crowd_project/main/original/40528.png		0	
https://raw.githubusercontent.com/BirkhoffG/crowd_project/main/original/40529.png		0	
https://raw.githubusercontent.com/BirkhoffG/crowd_project/main/original/40530.png		0	
https://raw.githubusercontent.com/BirkhoffG/crowd_project/main/original/40531.png		0	
https://raw.githubusercontent.com/BirkhoffG/crowd_project/main/original/40532.png		0	
https://raw.githubusercontent.com/BirkhoffG/crowd_project/main/original/40533.png		0	
https://raw.githubusercontent.com/BirkhoffG/crowd_project/main/original/40534.png		0	
https://raw.githubusercontent.com/BirkhoffG/crowd_project/main/original/40535.png		0	
https://raw.githubusercontent.com/BirkhoffG/crowd_project/main/original/40536.png		0	
https://raw.githubusercontent.com/BirkhoffG/crowd_project/main/original/40537.png		0	
https://raw.githubusercontent.com/BirkhoffG/crowd_project/main/original/40538.png		0	
https://raw.githubusercontent.com/BirkhoffG/crowd_project/main/original/40539.png		0	
https://raw.githubusercontent.com/BirkhoffG/crowd_project/main/original/40540.png		0	
https://raw.githubusercontent.com/BirkhoffG/crowd_project/main/original/40541.png		0	
https://raw.githubusercontent.com/BirkhoffG/crowd_project/main/original/40542.png		0	
https://raw.githubusercontent.com/BirkhoffG/crowd_project/main/original/40543.png		0	
https://raw.githubusercontent.com/BirkhoffG/crowd_project/main/original/40544.png		0	
https://raw.githubusercontent.com/BirkhoffG/crowd_project/main/original/40545.png		0	
https://raw.githubusercontent.com/BirkhoffG/crowd_project/main/original/40546.png		0	
https://raw.githubusercontent.com/BirkhoffG/crowd_project/main/original/40547.png		0	
https://raw.githubusercontent.com/BirkhoffG/crowd_project/main/original/40548.png		0	
https://raw.githubusercontent.com/BirkhoffG/crowd_project/main/original/40549.png		0	
https://raw.githubusercontent.com/BirkhoffG/crowd_project/main/original/40550.png		0	
https://raw.githubusercontent.com/BirkhoffG/crowd_project/main/original/40551.png		0	
https://raw.githubusercontent.com/BirkhoffG/crowd_project/main/original/40552.png		0	
https://raw.githubusercontent.com/BirkhoffG/crowd_project/main/original/40553.png		0	
https://raw.githubusercontent.com/BirkhoffG/crowd_project/main/original/40554.png		0	
https://raw.githubusercontent.com/BirkhoffG/crowd_project/main/original/40555.png		0	
https://raw.githubusercontent.com/BirkhoffG/crowd_project/main/original/40556.png		0	
https://raw.githubusercontent.com/BirkhoffG/crowd_project/main/original/40557.png		0	
https://raw.githubusercontent.com/BirkhoffG/crowd_project/main/original/40558.png		0	
https://raw.githubusercontent.com/BirkhoffG/crowd_project/main/original/40559.png		0	
https://raw.githubusercontent.com/BirkhoffG/crowd_project/main/original/40560.png		0	
https://raw.githubusercontent.com/BirkhoffG/crowd_project/main/original/40561.png		0	
https://raw.githubusercontent.com/BirkhoffG/crowd_project/main/original/40562.png		0	
https://raw.githubusercontent.com/BirkhoffG/crowd_project/main/original/40563.png		0	
https://raw.githubusercontent.com/BirkhoffG/crowd_project/main/original/40564.png		0	
https://raw.githubusercontent.com/BirkhoffG/crowd_project/main/original/40565.png		0	
https://raw.githubusercontent.com/BirkhoffG/crowd_project/main/original/40566.png		0	
https://raw.githubusercontent.com/BirkhoffG/crowd_project/main/original/40567.png		0	
https://raw.githubusercontent.com/BirkhoffG/crowd_project/main/original/40568.png		0	
https://raw.githubusercontent.com/BirkhoffG/crowd_project/main/original/40569.png		0	
https://raw.githubusercontent.com/BirkhoffG/crowd_project/main/original/40570.png		0	
https://raw.githubusercontent.com/BirkhoffG/crowd_project/main/original/40571.png		0	
https://raw.githubusercontent.com/BirkhoffG/crowd_project/main/original/40572.png		0	
https://raw.githubusercontent.com/BirkhoffG/crowd_project/main/original/40573.png		0	
https://raw.githubusercontent.com/BirkhoffG/crowd_project/main/original/40574.png		0	
https://raw.githubusercontent.com/BirkhoffG/crowd_project/main/original/40575.png		0	
https://raw.githubusercontent.com/BirkhoffG/crowd_project/main/original/40576.png		0	
https://raw.githubusercontent.com/BirkhoffG/crowd_project/main/original/40577.png		0	
https://raw.githubusercontent.com/BirkhoffG/crowd_project/main/original/40578.png		0	
https://raw.githubusercontent.com/BirkhoffG/crowd_project/main/original/40579.png		0	
https://raw.githubusercontent.com/BirkhoffG/crowd_project/main/original/40580.png		0	
https://raw.githubusercontent.com/BirkhoffG/crowd_project/main/original/40581.png		0	
https://raw.githubusercontent.com/BirkhoffG/crowd_project/main/original/40582.png		0	
https://raw.githubusercontent.com/BirkhoffG/crowd_project/main/original/40583.png		0	
https://raw.githubusercontent.com/BirkhoffG/crowd_project/main/original/40584.png		0	
https://raw.githubusercontent.com/BirkhoffG/crowd_project/main/original/40585.png		0	
https://raw.githubusercontent.com/BirkhoffG/crowd_project/main/original/40586.png		0	
https://raw.githubusercontent.com/BirkhoffG/crowd_project/main/original/40587.png		0	
https://raw.githubusercontent.com/BirkhoffG/crowd_project/main/original/40588.png		0	
https://raw.githubusercontent.com/BirkhoffG/crowd_project/main/original/40589.png		0	
https://raw.githubusercontent.com/BirkhoffG/crowd_project/main/original/40590.png		0	
https://raw.githubusercontent.com/BirkhoffG/crowd_project/main/original/40591.png		0	
https://raw.githubusercontent.com/BirkhoffG/crowd_project/main/original/40592.png		0	
https://raw.githubusercontent.com/BirkhoffG/crowd_project/main/original/40593.png		0	
https://raw.githubusercontent.com/BirkhoffG/crowd_project/main/original/40594.png		0	
https://raw.githubusercontent.com/BirkhoffG/crowd_project/main/original/40595.png		0	
https://raw.githubusercontent.com/BirkhoffG/crowd_project/main/original/40596.png		0	
https://raw.githubusercontent.com/BirkhoffG/crowd_project/main/original/40597.png		0	
https://raw.githubusercontent.com/BirkhoffG/crowd_project/main/original/40598.png		0	
https://raw.githubusercontent.com/BirkhoffG/crowd_project/main/original/40599.png		0	
https://raw.githubusercontent.com/BirkhoffG/crowd_project/main/original/40600.png		0	
https://raw.githubusercontent.com/BirkhoffG/crowd_project/main/original/40601.png		0	
https://raw.githubusercontent.com/BirkhoffG/crowd_project/main/original/40602.png		0	
https://raw.githubusercontent.com/BirkhoffG/crowd_project/main/original/40603.png		0	
https://raw.githubusercontent.com/BirkhoffG/crowd_project/main/original/40604.png		0	
https://raw.githubusercontent.com/BirkhoffG/crowd_project/main/original/40605.png		0	
https://raw.githubusercontent.com/BirkhoffG/crowd_project/main/original/40606.png		0	
https://raw.githubusercontent.com/BirkhoffG/crowd_project/main/original/40607.png		0	
https://raw.githubusercontent.com/BirkhoffG/crowd_project/main/original/40608.png		0	
https://raw.githubusercontent.com/BirkhoffG/crowd_project/main/original/40609.png		0	
https://raw.githubusercontent.com/BirkhoffG/crowd_project/main/original/40610.png		0	
https://raw.githubusercontent.com/BirkhoffG/crowd_project/main/original/40611.png		0	
https://raw.githubusercontent.com/BirkhoffG/crowd_project/main/original/40612.png		0	
https://raw.githubusercontent.com/BirkhoffG/crowd_project/main/original/40613.png		0	
https://raw.githubusercontent.com/BirkhoffG/crowd_project/main/original/40614.png		0	
https://raw.githubusercontent.com/BirkhoffG/crowd_project/main/original/40615.png		0	
https://raw.githubusercontent.com/BirkhoffG/crowd_project/main/original/40616.png		0	
https://raw.githubusercontent.com/BirkhoffG/crowd_project/main/original/40617.png		0	
https://raw.githubusercontent.com/BirkhoffG/crowd_project/main/original/40618.png		0	
https://raw.githubusercontent.com/BirkhoffG/crowd_project/main/original/40619.png		0	
https://raw.githubusercontent.com/BirkhoffG/crowd_project/main/original/40620.png		0	
https://raw.githubusercontent.com/BirkhoffG/crowd_project/main/original/40621.png		0	
https://raw.githubusercontent.com/BirkhoffG/crowd_project/main/original/40622.png		0	
https://raw.githubusercontent.com/BirkhoffG/crowd_project/main/original/40623.png		0	
https://raw.githubusercontent.com/BirkhoffG/crowd_project/main/original/40624.png		0	
https://raw.githubusercontent.com/BirkhoffG/crowd_project/main/original/40625.png		0	
https://raw.githubusercontent.com/BirkhoffG/crowd_project/main/original/40626.png		0	
https://raw.githubusercontent.com/BirkhoffG/crowd_project/main/original/40627.png		0	
https://raw.githubusercontent.com/BirkhoffG/crowd_project/main/original/40628.png		0	
https://raw.githubusercontent.com/BirkhoffG/crowd_project/main/original/40629.png		0	
https://raw.githubusercontent.com/BirkhoffG/crowd_project/main/original/40630.png		0	
https://raw.githubusercontent.com/BirkhoffG/crowd_project/main/original/40631.png		0	
https://raw.githubusercontent.com/BirkhoffG/crowd_project/main/original/40632.png		0	
https://raw.githubusercontent.com/BirkhoffG/crowd_project/main/original/40633.png		0	
https://raw.githubusercontent.com/BirkhoffG/crowd_project/main/original/40634.png		0	
https://raw.githubusercontent.com/BirkhoffG/crowd_project/main/original/40635.png		0	
https://raw.githubusercontent.com/BirkhoffG/crowd_project/main/original/40636.png		0	
https://raw.githubusercontent.com/BirkhoffG/crowd_project/main/original/40637.png		0	
https://raw.githubusercontent.com/BirkhoffG/crowd_project/main/original/40638.png		0	
https://raw.githubusercontent.com/BirkhoffG/crowd_project/main/original/40639.png		0	
https://raw.githubusercontent.com/BirkhoffG/crowd_project/main/original/40640.png		0	
https://raw.githubusercontent.com/BirkhoffG/crowd_project/main/original/40641.png		0	
https://raw.githubusercontent.com/BirkhoffG/crowd_project/main/original/40642.png		0	
https://raw.githubusercontent.com/BirkhoffG/crowd_project/main/original/40643.png		0	
https://raw.githubusercontent.com/BirkhoffG/crowd_project/main/original/40644.png		0	
https://raw.githubusercontent.com/BirkhoffG/crowd_project/main/original/40645.png		0	
https://raw.githubusercontent.com/BirkhoffG/crowd_project/main/original/40646.png		0	
https://raw.githubusercontent.com/BirkhoffG/crowd_project/main/original/40647.png		0	
https://raw.githubusercontent.com/BirkhoffG/crowd_project/main/original/40648.png		0	
https://raw.githubusercontent.com/BirkhoffG/crowd_project/main/original/40649.png		0	
https://raw.githubusercontent.com/BirkhoffG/crowd_project/main/original/40650.png		0	
https://raw.githubusercontent.com/BirkhoffG/crowd_project/main/original/40651.png		0	
https://raw.githubusercontent.com/BirkhoffG/crowd_project/main/original/40652.png		0	
https://raw.githubusercontent.com/BirkhoffG/crowd_project/main/original/40653.png		0	
https://raw.githubusercontent.com/BirkhoffG/crowd_project/main/original/40654.png		0	
https://raw.githubusercontent.com/BirkhoffG/crowd_project/main/original/40655.png		0	
https://raw.githubusercontent.com/BirkhoffG/crowd_project/main/original/40656.png		0	
https://raw.githubusercontent.com/BirkhoffG/crowd_project/main/original/40657.png		0	
https://raw.githubusercontent.com/BirkhoffG/crowd_project/main/original/40658.png		0	
https://raw.githubusercontent.com/BirkhoffG/crowd_project/main/original/40659.png		0	
https://raw.githubusercontent.com/BirkhoffG/crowd_project/main/original/40660.png		0	
https://raw.githubusercontent.com/BirkhoffG/crowd_project/main/original/40661.png		0	
https://raw.githubusercontent.com/BirkhoffG/crowd_project/main/original/40662.png		0	
https://raw.githubusercontent.com/BirkhoffG/crowd_project/main/original/40663.png		0	
https://raw.githubusercontent.com/BirkhoffG/crowd_project/main/original/40664.png		0	
https://raw.githubusercontent.com/BirkhoffG/crowd_project/main/original/40665.png		0	
https://raw.githubusercontent.com/BirkhoffG/crowd_project/main/original/40666.png		0	
https://raw.githubusercontent.com/BirkhoffG/crowd_project/main/original/40667.png		0	
https://raw.githubusercontent.com/BirkhoffG/crowd_project/main/original/40668.png		0	
https://raw.githubusercontent.com/BirkhoffG/crowd_project/main/original/40669.png		0	
https://raw.githubusercontent.com/BirkhoffG/crowd_project/main/original/40670.png		0	
https://raw.githubusercontent.com/BirkhoffG/crowd_project/main/original/40671.png		0	
https://raw.githubusercontent.com/BirkhoffG/crowd_project/main/original/40672.png		0	
https://raw.githubusercontent.com/BirkhoffG/crowd_project/main/original/40673.png		0	
https://raw.githubusercontent.com/BirkhoffG/crowd_project/main/original/40674.png		0	
https://raw.githubusercontent.com/BirkhoffG/crowd_project/main/original/40675.png		0	
https://raw.githubusercontent.com/BirkhoffG/crowd_project/main/original/40676.png		0	
https://raw.githubusercontent.com/BirkhoffG/crowd_project/main/original/40677.png		0	
https://raw.githubusercontent.com/BirkhoffG/crowd_project/main/original/40678.png		0	
https://raw.githubusercontent.com/BirkhoffG/crowd_project/main/original/40679.png		0	
https://raw.githubusercontent.com/BirkhoffG/crowd_project/main/original/40680.png		0	
https://raw.githubusercontent.com/BirkhoffG/crowd_project/main/original/40681.png		0	
https://raw.githubusercontent.com/BirkhoffG/crowd_project/main/original/40682.png		0	
https://raw.githubusercontent.com/BirkhoffG/crowd_project/main/original/40683.png		0	
https://raw.githubusercontent.com/BirkhoffG/crowd_project/main/original/40684.png		0	
https://raw.githubusercontent.com/BirkhoffG/crowd_project/main/original/40685.png		0	
https://raw.githubusercontent.com/BirkhoffG/crowd_project/main/original/40686.png		0	
https://raw.githubusercontent.com/BirkhoffG/crowd_project/main/original/40687.png		0	
https://raw.githubusercontent.com/BirkhoffG/crowd_project/main/original/40688.png		0	
https://raw.githubusercontent.com/BirkhoffG/crowd_project/main/original/40689.png		0	
https://raw.githubusercontent.com/BirkhoffG/crowd_project/main/original/40690.png		0	
https://raw.githubusercontent.com/BirkhoffG/crowd_project/main/original/40691.png		0	
https://raw.githubusercontent.com/BirkhoffG/crowd_project/main/original/40692.png		0	
https://raw.githubusercontent.com/BirkhoffG/crowd_project/main/original/40693.png		0	
https://raw.githubusercontent.com/BirkhoffG/crowd_project/main/original/40694.png		0	
https://raw.githubusercontent.com/BirkhoffG/crowd_project/main/original/40695.png		0	
https://raw.githubusercontent.com/BirkhoffG/crowd_project/main/original/40696.png		0	
https://raw.githubusercontent.com/BirkhoffG/crowd_project/main/original/40697.png		0	
https://raw.githubusercontent.com/BirkhoffG/crowd_project/main/original/40698.png		0	
https://raw.githubusercontent.com/BirkhoffG/crowd_project/main/original/40699.png		0	
https://raw.githubusercontent.com/BirkhoffG/crowd_project/main/original/40700.png		0	
https://raw.githubusercontent.com/BirkhoffG/crowd_project/main/original/40701.png		0	
https://raw.githubusercontent.com/BirkhoffG/crowd_project/main/original/40702.png		0	
https://raw.githubusercontent.com/BirkhoffG/crowd_project/main/original/40703.png		0	
https://raw.githubusercontent.com/BirkhoffG/crowd_project/main/original/40704.png		0	
https://raw.githubusercontent.com/BirkhoffG/crowd_project/main/original/40705.png		0	
https://raw.githubusercontent.com/BirkhoffG/crowd_project/main/original/40706.png		0	
https://raw.githubusercontent.com/BirkhoffG/crowd_project/main/original/40707.png		0	
https://raw.githubusercontent.com/BirkhoffG/crowd_project/main/original/40708.png		0	
https://raw.githubusercontent.com/BirkhoffG/crowd_project/main/original/40709.png		0	
https://raw.githubusercontent.com/BirkhoffG/crowd_project/main/original/40710.png		0	
https://raw.githubusercontent.com/BirkhoffG/crowd_project/main/original/40711.png		0	
https://raw.githubusercontent.com/BirkhoffG/crowd_project/main/original/40712.png		0	
https://raw.githubusercontent.com/BirkhoffG/crowd_project/main/original/40713.png		0	
https://raw.githubusercontent.com/BirkhoffG/crowd_project/main/original/40714.png		0	
https://raw.githubusercontent.com/BirkhoffG/crowd_project/main/original/40715.png		0	
https://raw.githubusercontent.com/BirkhoffG/crowd_project/main/original/40716.png		0	
https://raw.githubusercontent.com/BirkhoffG/crowd_project/main/original/40717.png		0	
https://raw.githubusercontent.com/BirkhoffG/crowd_project/main/original/40718.png		0	
https://raw.githubusercontent.com/BirkhoffG/crowd_project/main/original/40719.png		0	
https://raw.githubusercontent.com/BirkhoffG/crowd_project/main/original/40720.png		0	
https://raw.githubusercontent.com/BirkhoffG/crowd_project/main/original/40721.png		0	
https://raw.githubusercontent.com/BirkhoffG/crowd_project/main/original/40722.png		0	
https://raw.githubusercontent.com/BirkhoffG/crowd_project/main/original/40723.png		0	
https://raw.githubusercontent.com/BirkhoffG/crowd_project/main/original/40724.png		0	
https://raw.githubusercontent.com/BirkhoffG/crowd_project/main/original/40725.png		0	
https://raw.githubusercontent.com/BirkhoffG/crowd_project/main/original/40726.png		0	
https://raw.githubusercontent.com/BirkhoffG/crowd_project/main/original/40727.png		0	
https://raw.githubusercontent.com/BirkhoffG/crowd_project/main/original/40728.png		0	
https://raw.githubusercontent.com/BirkhoffG/crowd_project/main/original/40729.png		0	
https://raw.githubusercontent.com/BirkhoffG/crowd_project/main/original/40730.png		0	
https://raw.githubusercontent.com/BirkhoffG/crowd_project/main/original/40731.png		0	
https://raw.githubusercontent.com/BirkhoffG/crowd_project/main/original/40732.png		0	
https://raw.githubusercontent.com/BirkhoffG/crowd_project/main/original/40733.png		0	
https://raw.githubusercontent.com/BirkhoffG/crowd_project/main/original/40734.png		0	
https://raw.githubusercontent.com/BirkhoffG/crowd_project/main/original/40735.png		0	
https://raw.githubusercontent.com/BirkhoffG/crowd_project/main/original/40736.png		0	
https://raw.githubusercontent.com/BirkhoffG/crowd_project/main/original/40737.png		0	
https://raw.githubusercontent.com/BirkhoffG/crowd_project/main/original/40738.png		0	
https://raw.githubusercontent.com/BirkhoffG/crowd_project/main/original/40739.png		0	
https://raw.githubusercontent.com/BirkhoffG/crowd_project/main/original/40740.png		0	
https://raw.githubusercontent.com/BirkhoffG/crowd_project/main/original/40741.png		0	
https://raw.githubusercontent.com/BirkhoffG/crowd_project/main/original/40742.png		0	
https://raw.githubusercontent.com/BirkhoffG/crowd_project/main/original/40743.png		0	
https://raw.githubusercontent.com/BirkhoffG/crowd_project/main/original/40744.png		0	
https://raw.githubusercontent.com/BirkhoffG/crowd_project/main/original/40745.png		0	
https://raw.githubusercontent.com/BirkhoffG/crowd_project/main/original/40746.png		0	
https://raw.githubusercontent.com/BirkhoffG/crowd_project/main/original/40747.png		0	
https://raw.githubusercontent.com/BirkhoffG/crowd_project/main/original/40748.png		0	
https://raw.githubusercontent.com/BirkhoffG/crowd_project/main/original/40749.png		0	
https://raw.githubusercontent.com/BirkhoffG/crowd_project/main/original/40750.png		0	
https://raw.githubusercontent.com/BirkhoffG/crowd_project/main/original/40751.png		0	
https://raw.githubusercontent.com/BirkhoffG/crowd_project/main/original/40752.png		0	
https://raw.githubusercontent.com/BirkhoffG/crowd_project/main/original/40753.png		0	
https://raw.githubusercontent.com/BirkhoffG/crowd_project/main/original/40754.png		0	
https://raw.githubusercontent.com/BirkhoffG/crowd_project/main/original/40755.png		0	
https://raw.githubusercontent.com/BirkhoffG/crowd_project/main/original/40756.png		0	
https://raw.githubusercontent.com/BirkhoffG/crowd_project/main/original/40757.png		0	
https://raw.githubusercontent.com/BirkhoffG/crowd_project/main/original/40758.png		0	
https://raw.githubusercontent.com/BirkhoffG/crowd_project/main/original/40759.png		0	
https://raw.githubusercontent.com/BirkhoffG/crowd_project/main/original/40760.png		0	
https://raw.githubusercontent.com/BirkhoffG/crowd_project/main/original/40761.png		0	
https://raw.githubusercontent.com/BirkhoffG/crowd_project/main/original/40762.png		0	
https://raw.githubusercontent.com/BirkhoffG/crowd_project/main/original/40763.png		0	
https://raw.githubusercontent.com/BirkhoffG/crowd_project/main/original/40764.png		0	
https://raw.githubusercontent.com/BirkhoffG/crowd_project/main/original/40765.png		0	
https://raw.githubusercontent.com/BirkhoffG/crowd_project/main/original/40766.png		0	
https://raw.githubusercontent.com/BirkhoffG/crowd_project/main/original/40767.png		0	
https://raw.githubusercontent.com/BirkhoffG/crowd_project/main/original/40768.png		0	
https://raw.githubusercontent.com/BirkhoffG/crowd_project/main/original/40769.png		0	
https://raw.githubusercontent.com/BirkhoffG/crowd_project/main/original/40770.png		0	
https://raw.githubusercontent.com/BirkhoffG/crowd_project/main/original/40771.png		0	
https://raw.githubusercontent.com/BirkhoffG/crowd_project/main/original/40772.png		0	
https://raw.githubusercontent.com/BirkhoffG/crowd_project/main/original/40773.png		0	
https://raw.githubusercontent.com/BirkhoffG/crowd_project/main/original/40774.png		0	
https://raw.githubusercontent.com/BirkhoffG/crowd_project/main/original/40775.png		0	
https://raw.githubusercontent.com/BirkhoffG/crowd_project/main/original/40776.png		0	
https://raw.githubusercontent.com/BirkhoffG/crowd_project/main/original/40777.png		0	
https://raw.githubusercontent.com/BirkhoffG/crowd_project/main/original/40778.png		0	
https://raw.githubusercontent.com/BirkhoffG/crowd_project/main/original/40779.png		0	
https://raw.githubusercontent.com/BirkhoffG/crowd_project/main/original/40780.png		0	
https://raw.githubusercontent.com/BirkhoffG/crowd_project/main/original/40781.png		0	
https://raw.githubusercontent.com/BirkhoffG/crowd_project/main/original/40782.png		0	
https://raw.githubusercontent.com/BirkhoffG/crowd_project/main/original/40783.png		0	
https://raw.githubusercontent.com/BirkhoffG/crowd_project/main/original/40784.png		0	
https://raw.githubusercontent.com/BirkhoffG/crowd_project/main/original/40785.png		0	
https://raw.githubusercontent.com/BirkhoffG/crowd_project/main/original/40786.png		0	
https://raw.githubusercontent.com/BirkhoffG/crowd_project/main/original/40787.png		0	
https://raw.githubusercontent.com/BirkhoffG/crowd_project/main/original/40788.png		0	
https://raw.githubusercontent.com/BirkhoffG/crowd_project/main/original/40789.png		0	
https://raw.githubusercontent.com/BirkhoffG/crowd_project/main/original/40790.png		0	
https://raw.githubusercontent.com/BirkhoffG/crowd_project/main/original/40791.png		0	
https://raw.githubusercontent.com/BirkhoffG/crowd_project/main/original/40792.png		0	
https://raw.githubusercontent.com/BirkhoffG/crowd_project/main/original/40793.png		0	
https://raw.githubusercontent.com/BirkhoffG/crowd_project/main/original/40794.png		0	
https://raw.githubusercontent.com/BirkhoffG/crowd_project/main/original/40795.png		0	
https://raw.githubusercontent.com/BirkhoffG/crowd_project/main/original/40796.png		0	
https://raw.githubusercontent.com/BirkhoffG/crowd_project/main/original/40797.png		0	
https://raw.githubusercontent.com/BirkhoffG/crowd_project/main/original/40798.png		0	
https://raw.githubusercontent.com/BirkhoffG/crowd_project/main/original/40799.png		0	
https://raw.githubusercontent.com/BirkhoffG/crowd_project/main/original/40800.png		0	
https://raw.githubusercontent.com/BirkhoffG/crowd_project/main/original/40801.png		0	
https://raw.githubusercontent.com/BirkhoffG/crowd_project/main/original/40802.png		0	
https://raw.githubusercontent.com/BirkhoffG/crowd_project/main/original/40803.png		0	
https://raw.githubusercontent.com/BirkhoffG/crowd_project/main/original/40804.png		0	
https://raw.githubusercontent.com/BirkhoffG/crowd_project/main/original/40805.png		0	
https://raw.githubusercontent.com/BirkhoffG/crowd_project/main/original/40806.png		0	
https://raw.githubusercontent.com/BirkhoffG/crowd_project/main/original/40807.png		0	
https://raw.githubusercontent.com/BirkhoffG/crowd_project/main/original/40808.png		0	
https://raw.githubusercontent.com/BirkhoffG/crowd_project/main/original/40809.png		0	
https://raw.githubusercontent.com/BirkhoffG/crowd_project/main/original/40810.png		0	
https://raw.githubusercontent.com/BirkhoffG/crowd_project/main/original/40811.png		0	
https://raw.githubusercontent.com/BirkhoffG/crowd_project/main/original/40812.png		0	
https://raw.githubusercontent.com/BirkhoffG/crowd_project/main/original/40813.png		0	
https://raw.githubusercontent.com/BirkhoffG/crowd_project/main/original/40814.png		0	
https://raw.githubusercontent.com/BirkhoffG/crowd_project/main/original/40815.png		0	
https://raw.githubusercontent.com/BirkhoffG/crowd_project/main/original/40816.png		0	
https://raw.githubusercontent.com/BirkhoffG/crowd_project/main/original/40817.png		0	
https://raw.githubusercontent.com/BirkhoffG/crowd_project/main/original/40818.png		0	
https://raw.githubusercontent.com/BirkhoffG/crowd_project/main/original/40819.png		0	
https://raw.githubusercontent.com/BirkhoffG/crowd_project/main/original/40820.png		0	
https://raw.githubusercontent.com/BirkhoffG/crowd_project/main/original/40821.png		0	
https://raw.githubusercontent.com/BirkhoffG/crowd_project/main/original/40822.png		0	
https://raw.githubusercontent.com/BirkhoffG/crowd_project/main/original/40823.png		0	
https://raw.githubusercontent.com/BirkhoffG/crowd_project/main/original/40824.png		0	
https://raw.githubusercontent.com/BirkhoffG/crowd_project/main/original/40825.png		0	
https://raw.githubusercontent.com/BirkhoffG/crowd_project/main/original/40826.png		0	
https://raw.githubusercontent.com/BirkhoffG/crowd_project/main/original/40827.png		0	
https://raw.githubusercontent.com/BirkhoffG/crowd_project/main/original/40828.png		0	
https://raw.githubusercontent.com/BirkhoffG/crowd_project/main/original/40829.png		0	
https://raw.githubusercontent.com/BirkhoffG/crowd_project/main/original/40830.png		0	
https://raw.githubusercontent.com/BirkhoffG/crowd_project/main/original/40831.png		0	
https://raw.githubusercontent.com/BirkhoffG/crowd_project/main/original/40832.png		0	
https://raw.githubusercontent.com/BirkhoffG/crowd_project/main/original/40833.png		0	
https://raw.githubusercontent.com/BirkhoffG/crowd_project/main/original/40834.png		0	
https://raw.githubusercontent.com/BirkhoffG/crowd_project/main/original/40835.png		0	
https://raw.githubusercontent.com/BirkhoffG/crowd_project/main/original/40836.png		0	
https://raw.githubusercontent.com/BirkhoffG/crowd_project/main/original/40837.png		0	
https://raw.githubusercontent.com/BirkhoffG/crowd_project/main/original/40838.png		0	
https://raw.githubusercontent.com/BirkhoffG/crowd_project/main/original/40839.png		0	
https://raw.githubusercontent.com/BirkhoffG/crowd_project/main/original/40840.png		0	
https://raw.githubusercontent.com/BirkhoffG/crowd_project/main/original/40841.png		0	
https://raw.githubusercontent.com/BirkhoffG/crowd_project/main/original/40842.png		0	
https://raw.githubusercontent.com/BirkhoffG/crowd_project/main/original/40843.png		0	
https://raw.githubusercontent.com/BirkhoffG/crowd_project/main/original/40844.png		0	
https://raw.githubusercontent.com/BirkhoffG/crowd_project/main/original/40845.png		0	
https://raw.githubusercontent.com/BirkhoffG/crowd_project/main/original/40846.png		0	
https://raw.githubusercontent.com/BirkhoffG/crowd_project/main/original/40847.png		0	
https://raw.githubusercontent.com/BirkhoffG/crowd_project/main/original/40848.png		0	
https://raw.githubusercontent.com/BirkhoffG/crowd_project/main/original/40849.png		0	
https://raw.githubusercontent.com/BirkhoffG/crowd_project/main/original/40850.png		0	
https://raw.githubusercontent.com/BirkhoffG/crowd_project/main/original/40851.png		0	
https://raw.githubusercontent.com/BirkhoffG/crowd_project/main/original/40852.png		0	
https://raw.githubusercontent.com/BirkhoffG/crowd_project/main/original/40853.png		0	
https://raw.githubusercontent.com/BirkhoffG/crowd_project/main/original/40854.png		0	
https://raw.githubusercontent.com/BirkhoffG/crowd_project/main/original/40855.png		0	
https://raw.githubusercontent.com/BirkhoffG/crowd_project/main/original/40856.png		0	
https://raw.githubusercontent.com/BirkhoffG/crowd_project/main/original/40857.png		0	
https://raw.githubusercontent.com/BirkhoffG/crowd_project/main/original/40858.png		0	
https://raw.githubusercontent.com/BirkhoffG/crowd_project/main/original/40859.png		0	
https://raw.githubusercontent.com/BirkhoffG/crowd_project/main/original/40860.png		0	
https://raw.githubusercontent.com/BirkhoffG/crowd_project/main/original/40861.png		0	
https://raw.githubusercontent.com/BirkhoffG/crowd_project/main/original/40862.png		0	
https://raw.githubusercontent.com/BirkhoffG/crowd_project/main/original/40863.png		0	
https://raw.githubusercontent.com/BirkhoffG/crowd_project/main/original/40864.png		0	
https://raw.githubusercontent.com/BirkhoffG/crowd_project/main/original/40865.png		0	
https://raw.githubusercontent.com/BirkhoffG/crowd_project/main/original/40866.png		0	
https://raw.githubusercontent.com/BirkhoffG/crowd_project/main/original/40867.png		0	
https://raw.githubusercontent.com/BirkhoffG/crowd_project/main/original/40868.png		0	
https://raw.githubusercontent.com/BirkhoffG/crowd_project/main/original/40869.png		0	
https://raw.githubusercontent.com/BirkhoffG/crowd_project/main/original/40870.png		0	
https://raw.githubusercontent.com/BirkhoffG/crowd_project/main/original/40871.png		0	
https://raw.githubusercontent.com/BirkhoffG/crowd_project/main/original/40872.png		0	
https://raw.githubusercontent.com/BirkhoffG/crowd_project/main/original/40873.png		0	
https://raw.githubusercontent.com/BirkhoffG/crowd_project/main/original/40874.png		0	
https://raw.githubusercontent.com/BirkhoffG/crowd_project/main/original/40875.png		0	
https://raw.githubusercontent.com/BirkhoffG/crowd_project/main/original/40876.png		0	
https://raw.githubusercontent.com/BirkhoffG/crowd_project/main/original/40877.png		0	
https://raw.githubusercontent.com/BirkhoffG/crowd_project/main/original/40878.png		0	
https://raw.githubusercontent.com/BirkhoffG/crowd_project/main/original/40879.png		0	
https://raw.githubusercontent.com/BirkhoffG/crowd_project/main/original/40880.png		0	
https://raw.githubusercontent.com/BirkhoffG/crowd_project/main/original/40881.png		0	
https://raw.githubusercontent.com/BirkhoffG/crowd_project/main/original/40882.png		0	
https://raw.githubusercontent.com/BirkhoffG/crowd_project/main/original/40883.png		0	
https://raw.githubusercontent.com/BirkhoffG/crowd_project/main/original/40884.png		0	
https://raw.githubusercontent.com/BirkhoffG/crowd_project/main/original/40885.png		0	
https://raw.githubusercontent.com/BirkhoffG/crowd_project/main/original/40886.png		0	
https://raw.githubusercontent.com/BirkhoffG/crowd_project/main/original/40887.png		0	
https://raw.githubusercontent.com/BirkhoffG/crowd_project/main/original/40888.png		0	
https://raw.githubusercontent.com/BirkhoffG/crowd_project/main/original/40889.png		0	
https://raw.githubusercontent.com/BirkhoffG/crowd_project/main/original/40890.png		0	
https://raw.githubusercontent.com/BirkhoffG/crowd_project/main/original/40891.png		0	
https://raw.githubusercontent.com/BirkhoffG/crowd_project/main/original/40892.png		0	
https://raw.githubusercontent.com/BirkhoffG/crowd_project/main/original/40893.png		0	
https://raw.githubusercontent.com/BirkhoffG/crowd_project/main/original/40894.png		0	
https://raw.githubusercontent.com/BirkhoffG/crowd_project/main/original/40895.png		0	
https://raw.githubusercontent.com/BirkhoffG/crowd_project/main/original/40896.png		0	
https://raw.githubusercontent.com/BirkhoffG/crowd_project/main/original/40897.png		0	
https://raw.githubusercontent.com/BirkhoffG/crowd_project/main/original/40898.png		0	
https://raw.githubusercontent.com/BirkhoffG/crowd_project/main/original/40899.png		0	
https://raw.githubusercontent.com/BirkhoffG/crowd_project/main/original/40900.png		0	
https://raw.githubusercontent.com/BirkhoffG/crowd_project/main/original/40901.png		0	
https://raw.githubusercontent.com/BirkhoffG/crowd_project/main/original/40902.png		0	
https://raw.githubusercontent.com/BirkhoffG/crowd_project/main/original/40903.png		0	
https://raw.githubusercontent.com/BirkhoffG/crowd_project/main/original/40904.png		0	
https://raw.githubusercontent.com/BirkhoffG/crowd_project/main/original/40905.png		0	
https://raw.githubusercontent.com/BirkhoffG/crowd_project/main/original/40906.png		0	
https://raw.githubusercontent.com/BirkhoffG/crowd_project/main/original/40907.png		0	
https://raw.githubusercontent.com/BirkhoffG/crowd_project/main/original/40908.png		0	
https://raw.githubusercontent.com/BirkhoffG/crowd_project/main/original/40909.png		0	
https://raw.githubusercontent.com/BirkhoffG/crowd_project/main/original/40910.png		0	
https://raw.githubusercontent.com/BirkhoffG/crowd_project/main/original/40911.png		0	
https://raw.githubusercontent.com/BirkhoffG/crowd_project/main/original/40912.png		0	
https://raw.githubusercontent.com/BirkhoffG/crowd_project/main/original/40913.png		0	
https://raw.githubusercontent.com/BirkhoffG/crowd_project/main/original/40914.png		0	
https://raw.githubusercontent.com/BirkhoffG/crowd_project/main/original/40915.png		0	
https://raw.githubusercontent.com/BirkhoffG/crowd_project/main/original/40916.png		0	
https://raw.githubusercontent.com/BirkhoffG/crowd_project/main/original/40917.png		0	
https://raw.githubusercontent.com/BirkhoffG/crowd_project/main/original/40918.png		0	
https://raw.githubusercontent.com/BirkhoffG/crowd_project/main/original/40919.png		0	
https://raw.githubusercontent.com/BirkhoffG/crowd_project/main/original/40920.png		0	
https://raw.githubusercontent.com/BirkhoffG/crowd_project/main/original/40921.png		0	
https://raw.githubusercontent.com/BirkhoffG/crowd_project/main/original/40922.png		0	
https://raw.githubusercontent.com/BirkhoffG/crowd_project/main/original/40923.png		0	
https://raw.githubusercontent.com/BirkhoffG/crowd_project/main/original/40924.png		0	
https://raw.githubusercontent.com/BirkhoffG/crowd_project/main/original/40925.png		0	
https://raw.githubusercontent.com/BirkhoffG/crowd_project/main/original/40926.png		0	
https://raw.githubusercontent.com/BirkhoffG/crowd_project/main/original/40927.png		0	
https://raw.githubusercontent.com/BirkhoffG/crowd_project/main/original/40928.png		0	
https://raw.githubusercontent.com/BirkhoffG/crowd_project/main/original/40929.png		0	
https://raw.githubusercontent.com/BirkhoffG/crowd_project/main/original/40930.png		0	
https://raw.githubusercontent.com/BirkhoffG/crowd_project/main/original/40931.png		0	
https://raw.githubusercontent.com/BirkhoffG/crowd_project/main/original/40932.png		0	
https://raw.githubusercontent.com/BirkhoffG/crowd_project/main/original/40933.png		0	
https://raw.githubusercontent.com/BirkhoffG/crowd_project/main/original/40934.png		0	
https://raw.githubusercontent.com/BirkhoffG/crowd_project/main/original/40935.png		0	
https://raw.githubusercontent.com/BirkhoffG/crowd_project/main/original/40936.png		0	
https://raw.githubusercontent.com/BirkhoffG/crowd_project/main/original/40937.png		0	
https://raw.githubusercontent.com/BirkhoffG/crowd_project/main/original/40938.png		0	
https://raw.githubusercontent.com/BirkhoffG/crowd_project/main/original/40939.png		0	
https://raw.githubusercontent.com/BirkhoffG/crowd_project/main/original/40940.png		0	
https://raw.githubusercontent.com/BirkhoffG/crowd_project/main/original/40941.png		0	
https://raw.githubusercontent.com/BirkhoffG/crowd_project/main/original/40942.png		0	
https://raw.githubusercontent.com/BirkhoffG/crowd_project/main/original/40943.png		0	
https://raw.githubusercontent.com/BirkhoffG/crowd_project/main/original/40944.png		0	
https://raw.githubusercontent.com/BirkhoffG/crowd_project/main/original/40945.png		0	
https://raw.githubusercontent.com/BirkhoffG/crowd_project/main/original/40946.png		0	
https://raw.githubusercontent.com/BirkhoffG/crowd_project/main/original/40947.png		0	
https://raw.githubusercontent.com/BirkhoffG/crowd_project/main/original/40948.png		0	
https://raw.githubusercontent.com/BirkhoffG/crowd_project/main/original/40949.png		0	
https://raw.githubusercontent.com/BirkhoffG/crowd_project/main/original/40950.png		0	
https://raw.githubusercontent.com/BirkhoffG/crowd_project/main/original/40951.png		0	
https://raw.githubusercontent.com/BirkhoffG/crowd_project/main/original/40952.png		0	
https://raw.githubusercontent.com/BirkhoffG/crowd_project/main/original/40953.png		0	
https://raw.githubusercontent.com/BirkhoffG/crowd_project/main/original/40954.png		0	
https://raw.githubusercontent.com/BirkhoffG/crowd_project/main/original/40955.png		0	
https://raw.githubusercontent.com/BirkhoffG/crowd_project/main/original/40956.png		0	
https://raw.githubusercontent.com/BirkhoffG/crowd_project/main/original/40957.png		0	
https://raw.githubusercontent.com/BirkhoffG/crowd_project/main/original/40958.png		0	
https://raw.githubusercontent.com/BirkhoffG/crowd_project/main/original/40959.png		0	
https://raw.githubusercontent.com/BirkhoffG/crowd_project/main/original/40960.png		0	
https://raw.githubusercontent.com/BirkhoffG/crowd_project/main/original/40961.png		0	
https://raw.githubusercontent.com/BirkhoffG/crowd_project/main/original/40962.png		0	
https://raw.githubusercontent.com/BirkhoffG/crowd_project/main/original/40963.png		0	
https://raw.githubusercontent.com/BirkhoffG/crowd_project/main/original/40964.png		0	
https://raw.githubusercontent.com/BirkhoffG/crowd_project/main/original/40965.png		0	
https://raw.githubusercontent.com/BirkhoffG/crowd_project/main/original/40966.png		0	
https://raw.githubusercontent.com/BirkhoffG/crowd_project/main/original/40967.png		0	
https://raw.githubusercontent.com/BirkhoffG/crowd_project/main/original/40968.png		0	
https://raw.githubusercontent.com/BirkhoffG/crowd_project/main/original/40969.png		0	
https://raw.githubusercontent.com/BirkhoffG/crowd_project/main/original/40970.png		0	
https://raw.githubusercontent.com/BirkhoffG/crowd_project/main/original/40971.png		0	
https://raw.githubusercontent.com/BirkhoffG/crowd_project/main/original/40972.png		0	
https://raw.githubusercontent.com/BirkhoffG/crowd_project/main/original/40973.png		0	
https://raw.githubusercontent.com/BirkhoffG/crowd_project/main/original/40974.png		0	
https://raw.githubusercontent.com/BirkhoffG/crowd_project/main/original/40975.png		0	
https://raw.githubusercontent.com/BirkhoffG/crowd_project/main/original/40976.png		0	
https://raw.githubusercontent.com/BirkhoffG/crowd_project/main/original/40977.png		0	
https://raw.githubusercontent.com/BirkhoffG/crowd_project/main/original/40978.png		0	
https://raw.githubusercontent.com/BirkhoffG/crowd_project/main/original/40979.png		0	
https://raw.githubusercontent.com/BirkhoffG/crowd_project/main/original/40980.png		0	
https://raw.githubusercontent.com/BirkhoffG/crowd_project/main/original/40981.png		0	
https://raw.githubusercontent.com/BirkhoffG/crowd_project/main/original/40982.png		0	
https://raw.githubusercontent.com/BirkhoffG/crowd_project/main/original/40983.png		0	
https://raw.githubusercontent.com/BirkhoffG/crowd_project/main/original/40984.png		0	
https://raw.githubusercontent.com/BirkhoffG/crowd_project/main/original/40985.png		0	
https://raw.githubusercontent.com/BirkhoffG/crowd_project/main/original/40986.png		0	
https://raw.githubusercontent.com/BirkhoffG/crowd_project/main/original/40987.png		0	
https://raw.githubusercontent.com/BirkhoffG/crowd_project/main/original/40988.png		0	
https://raw.githubusercontent.com/BirkhoffG/crowd_project/main/original/40989.png		0	
https://raw.githubusercontent.com/BirkhoffG/crowd_project/main/original/40990.png		0	
https://raw.githubusercontent.com/BirkhoffG/crowd_project/main/original/40991.png		0	
https://raw.githubusercontent.com/BirkhoffG/crowd_project/main/original/40992.png		0	
https://raw.githubusercontent.com/BirkhoffG/crowd_project/main/original/40993.png		0	
https://raw.githubusercontent.com/BirkhoffG/crowd_project/main/original/40994.png		0	
https://raw.githubusercontent.com/BirkhoffG/crowd_project/main/original/40995.png		0	
https://raw.githubusercontent.com/BirkhoffG/crowd_project/main/original/40996.png		0	
https://raw.githubusercontent.com/BirkhoffG/crowd_project/main/original/40997.png		0	
https://raw.githubusercontent.com/BirkhoffG/crowd_project/main/original/40998.png		0	
https://raw.githubusercontent.com/BirkhoffG/crowd_project/main/original/40999.png		0	
https://raw.githubusercontent.com/BirkhoffG/crowd_project/main/original/41000.png		0	
