,Unnamed: 0,Unnamed: 0.1,Unnamed: 0.1.1,Unnamed: 0.1.1.1,Unnamed: 0.1.1.1.1,Unnamed: 0.1.1.1.1.1,Unnamed: 0.1.1.1.1.1.1,Unnamed: 0.1.1.1.1.1.1.1,Unnamed: 0.1.1.1.1.1.1.1.1,Unnamed: 0.1.1.1.1.1.1.1.1.1,Unnamed: 0.1.1.1.1.1.1.1.1.1.1,Unnamed: 0.1.1.1.1.1.1.1.1.1.1.1,INPUT:image,Race
0,0,0,0,0,0,0,0,0,0,0,0,0,https://raw.githubusercontent.com/BirkhoffG/crowd_project/main/img/img_1.png,1.0
1,1,1,1,1,1,1,1,1,1,1,1,1,https://raw.githubusercontent.com/BirkhoffG/crowd_project/main/img/img_3.png,0.0
2,2,2,2,2,2,2,2,2,2,2,2,2,https://raw.githubusercontent.com/BirkhoffG/crowd_project/main/img/img_5.png,4.0
3,3,3,3,3,3,3,3,3,3,3,3,3,https://raw.githubusercontent.com/BirkhoffG/crowd_project/main/img/img_7.png,0.0
4,4,4,4,4,4,4,4,4,4,4,4,4,https://raw.githubusercontent.com/BirkhoffG/crowd_project/main/img/img_9.png,0.0
5,5,5,5,5,5,5,5,5,5,5,5,5,https://raw.githubusercontent.com/BirkhoffG/crowd_project/main/img/img_11.png,4.0
6,6,6,6,6,6,6,6,6,6,6,6,6,https://raw.githubusercontent.com/BirkhoffG/crowd_project/main/img/img_13.png,0.0
7,7,7,7,7,7,7,7,7,7,7,7,7,https://raw.githubusercontent.com/BirkhoffG/crowd_project/main/img/img_15.png,1.0
8,8,8,8,8,8,8,8,8,8,8,8,8,https://raw.githubusercontent.com/BirkhoffG/crowd_project/main/img/img_17.png,0.0
9,9,9,9,9,9,9,9,9,9,9,9,9,https://raw.githubusercontent.com/BirkhoffG/crowd_project/main/img/img_19.png,4.0
10,10,10,10,10,10,10,10,10,10,10,10,10,https://raw.githubusercontent.com/BirkhoffG/crowd_project/main/img/img_21.png,0.0
11,11,11,11,11,11,11,11,11,11,11,11,11,https://raw.githubusercontent.com/BirkhoffG/crowd_project/main/img/img_23.png,4.0
12,12,12,12,12,12,12,12,12,12,12,12,12,https://raw.githubusercontent.com/BirkhoffG/crowd_project/main/img/img_25.png,0.0
13,13,13,13,13,13,13,13,13,13,13,13,13,https://raw.githubusercontent.com/BirkhoffG/crowd_project/main/img/img_27.png,0.0
14,14,14,14,14,14,14,14,14,14,14,14,14,https://raw.githubusercontent.com/BirkhoffG/crowd_project/main/img/img_29.png,0.0
15,15,15,15,15,15,15,15,15,15,15,15,15,https://raw.githubusercontent.com/BirkhoffG/crowd_project/main/img/img_31.png,4.0
16,16,16,16,16,16,16,16,16,16,16,16,16,https://raw.githubusercontent.com/BirkhoffG/crowd_project/main/img/img_33.png,0.0
17,17,17,17,17,17,17,17,17,17,17,17,17,https://raw.githubusercontent.com/BirkhoffG/crowd_project/main/img/img_35.png,0.0
18,18,18,18,18,18,18,18,18,18,18,18,18,https://raw.githubusercontent.com/BirkhoffG/crowd_project/main/img/img_37.png,0.0
19,19,19,19,19,19,19,19,19,19,19,19,19,https://raw.githubusercontent.com/BirkhoffG/crowd_project/main/img/img_39.png,0.0
20,20,20,20,20,20,20,20,20,20,20,20,20,https://raw.githubusercontent.com/BirkhoffG/crowd_project/main/img/img_41.png,1.0
21,21,21,21,21,21,21,21,21,21,21,21,21,https://raw.githubusercontent.com/BirkhoffG/crowd_project/main/img/img_43.png,0.0
22,22,22,22,22,22,22,22,22,22,22,22,22,https://raw.githubusercontent.com/BirkhoffG/crowd_project/main/img/img_45.png,0.0
23,23,23,23,23,23,23,23,23,23,23,23,23,https://raw.githubusercontent.com/BirkhoffG/crowd_project/main/img/img_47.png,0.0
24,24,24,24,24,24,24,24,24,24,24,24,24,https://raw.githubusercontent.com/BirkhoffG/crowd_project/main/img/img_49.png,0.0
25,25,25,25,25,25,25,25,25,25,25,25,25,https://raw.githubusercontent.com/BirkhoffG/crowd_project/main/img/img_51.png,0.0
26,26,26,26,26,26,26,26,26,26,26,26,26,https://raw.githubusercontent.com/BirkhoffG/crowd_project/main/img/img_53.png,0.0
27,27,27,27,27,27,27,27,27,27,27,27,27,https://raw.githubusercontent.com/BirkhoffG/crowd_project/main/img/img_55.png,0.0
28,28,28,28,28,28,28,28,28,28,28,28,28,https://raw.githubusercontent.com/BirkhoffG/crowd_project/main/img/img_57.png,0.0
29,29,29,29,29,29,29,29,29,29,29,29,29,https://raw.githubusercontent.com/BirkhoffG/crowd_project/main/img/img_59.png,0.0
30,30,30,30,30,30,30,30,30,30,30,30,30,https://raw.githubusercontent.com/BirkhoffG/crowd_project/main/img/img_61.png,0.0
31,31,31,31,31,31,31,31,31,31,31,31,31,https://raw.githubusercontent.com/BirkhoffG/crowd_project/main/img/img_63.png,2.0
32,32,32,32,32,32,32,32,32,32,32,32,32,https://raw.githubusercontent.com/BirkhoffG/crowd_project/main/img/img_65.png,2.0
33,33,33,33,33,33,33,33,33,33,33,33,33,https://raw.githubusercontent.com/BirkhoffG/crowd_project/main/img/img_67.png,0.0
34,34,34,34,34,34,34,34,34,34,34,34,34,https://raw.githubusercontent.com/BirkhoffG/crowd_project/main/img/img_69.png,2.0
35,35,35,35,35,35,35,35,35,35,35,35,35,https://raw.githubusercontent.com/BirkhoffG/crowd_project/main/img/img_71.png,2.0
36,36,36,36,36,36,36,36,36,36,36,36,36,https://raw.githubusercontent.com/BirkhoffG/crowd_project/main/img/img_73.png,0.0
37,37,37,37,37,37,37,37,37,37,37,37,37,https://raw.githubusercontent.com/BirkhoffG/crowd_project/main/img/img_75.png,0.0
38,38,38,38,38,38,38,38,38,38,38,38,38,https://raw.githubusercontent.com/BirkhoffG/crowd_project/main/img/img_77.png,2.0
39,39,39,39,39,39,39,39,39,39,39,39,39,https://raw.githubusercontent.com/BirkhoffG/crowd_project/main/img/img_79.png,4.0
40,40,40,40,40,40,40,40,40,40,40,40,40,https://raw.githubusercontent.com/BirkhoffG/crowd_project/main/img/img_81.png,0.0
41,41,41,41,41,41,41,41,41,41,41,41,41,https://raw.githubusercontent.com/BirkhoffG/crowd_project/main/img/img_83.png,0.0
42,42,42,42,42,42,42,42,42,42,42,42,42,https://raw.githubusercontent.com/BirkhoffG/crowd_project/main/img/img_85.png,0.0
43,43,43,43,43,43,43,43,43,43,43,43,43,https://raw.githubusercontent.com/BirkhoffG/crowd_project/main/img/img_87.png,0.0
44,44,44,44,44,44,44,44,44,44,44,44,44,https://raw.githubusercontent.com/BirkhoffG/crowd_project/main/img/img_89.png,0.0
45,45,45,45,45,45,45,45,45,45,45,45,45,https://raw.githubusercontent.com/BirkhoffG/crowd_project/main/img/img_91.png,0.0
46,46,46,46,46,46,46,46,46,46,46,46,46,https://raw.githubusercontent.com/BirkhoffG/crowd_project/main/img/img_93.png,0.0
47,47,47,47,47,47,47,47,47,47,47,47,47,https://raw.githubusercontent.com/BirkhoffG/crowd_project/main/img/img_95.png,2.0
48,48,48,48,48,48,48,48,48,48,48,48,48,https://raw.githubusercontent.com/BirkhoffG/crowd_project/main/img/img_97.png,0.0
49,49,49,49,49,49,49,49,49,49,49,49,49,https://raw.githubusercontent.com/BirkhoffG/crowd_project/main/img/img_99.png,0.0
50,50,50,50,50,50,50,50,50,50,50,50,50,https://raw.githubusercontent.com/BirkhoffG/crowd_project/main/img/img_101.png,0.0
51,51,51,51,51,51,51,51,51,51,51,51,51,https://raw.githubusercontent.com/BirkhoffG/crowd_project/main/img/img_103.png,3.0
52,52,52,52,52,52,52,52,52,52,52,52,52,https://raw.githubusercontent.com/BirkhoffG/crowd_project/main/img/img_105.png,0.0
53,53,53,53,53,53,53,53,53,53,53,53,53,https://raw.githubusercontent.com/BirkhoffG/crowd_project/main/img/img_107.png,2.0
54,54,54,54,54,54,54,54,54,54,54,54,54,https://raw.githubusercontent.com/BirkhoffG/crowd_project/main/img/img_109.png,2.0
55,55,55,55,55,55,55,55,55,55,55,55,55,https://raw.githubusercontent.com/BirkhoffG/crowd_project/main/img/img_111.png,2.0
56,56,56,56,56,56,56,56,56,56,56,56,56,https://raw.githubusercontent.com/BirkhoffG/crowd_project/main/img/img_113.png,4.0
57,57,57,57,57,57,57,57,57,57,57,57,57,https://raw.githubusercontent.com/BirkhoffG/crowd_project/main/img/img_115.png,4.0
58,58,58,58,58,58,58,58,58,58,58,58,58,https://raw.githubusercontent.com/BirkhoffG/crowd_project/main/img/img_117.png,3.0
59,59,59,59,59,59,59,59,59,59,59,59,59,https://raw.githubusercontent.com/BirkhoffG/crowd_project/main/img/img_119.png,0.0
60,60,60,60,60,60,60,60,60,60,60,60,60,https://raw.githubusercontent.com/BirkhoffG/crowd_project/main/img/img_121.png,1.0
61,61,61,61,61,61,61,61,61,61,61,61,61,https://raw.githubusercontent.com/BirkhoffG/crowd_project/main/img/img_123.png,0.0
62,62,62,62,62,62,62,62,62,62,62,62,62,https://raw.githubusercontent.com/BirkhoffG/crowd_project/main/img/img_125.png,0.0
63,63,63,63,63,63,63,63,63,63,63,63,63,https://raw.githubusercontent.com/BirkhoffG/crowd_project/main/img/img_127.png,2.0
64,64,64,64,64,64,64,64,64,64,64,64,64,https://raw.githubusercontent.com/BirkhoffG/crowd_project/main/img/img_129.png,0.0
65,65,65,65,65,65,65,65,65,65,65,65,65,https://raw.githubusercontent.com/BirkhoffG/crowd_project/main/img/img_131.png,2.0
66,66,66,66,66,66,66,66,66,66,66,66,66,https://raw.githubusercontent.com/BirkhoffG/crowd_project/main/img/img_133.png,0.0
67,67,67,67,67,67,67,67,67,67,67,67,67,https://raw.githubusercontent.com/BirkhoffG/crowd_project/main/img/img_135.png,0.0
68,68,68,68,68,68,68,68,68,68,68,68,68,https://raw.githubusercontent.com/BirkhoffG/crowd_project/main/img/img_137.png,0.0
69,69,69,69,69,69,69,69,69,69,69,69,69,https://raw.githubusercontent.com/BirkhoffG/crowd_project/main/img/img_139.png,2.0
70,70,70,70,70,70,70,70,70,70,70,70,70,https://raw.githubusercontent.com/BirkhoffG/crowd_project/main/img/img_141.png,0.0
71,71,71,71,71,71,71,71,71,71,71,71,71,https://raw.githubusercontent.com/BirkhoffG/crowd_project/main/img/img_143.png,0.0
72,72,72,72,72,72,72,72,72,72,72,72,72,https://raw.githubusercontent.com/BirkhoffG/crowd_project/main/img/img_145.png,4.0
73,73,73,73,73,73,73,73,73,73,73,73,73,https://raw.githubusercontent.com/BirkhoffG/crowd_project/main/img/img_147.png,0.0
74,74,74,74,74,74,74,74,74,74,74,74,74,https://raw.githubusercontent.com/BirkhoffG/crowd_project/main/img/img_149.png,0.0
75,75,75,75,75,75,75,75,75,75,75,75,75,https://raw.githubusercontent.com/BirkhoffG/crowd_project/main/img/img_151.png,0.0
76,76,76,76,76,76,76,76,76,76,76,76,76,https://raw.githubusercontent.com/BirkhoffG/crowd_project/main/img/img_153.png,0.0
77,77,77,77,77,77,77,77,77,77,77,77,77,https://raw.githubusercontent.com/BirkhoffG/crowd_project/main/img/img_155.png,0.0
78,78,78,78,78,78,78,78,78,78,78,78,78,https://raw.githubusercontent.com/BirkhoffG/crowd_project/main/img/img_157.png,0.0
79,79,79,79,79,79,79,79,79,79,79,79,79,https://raw.githubusercontent.com/BirkhoffG/crowd_project/main/img/img_159.png,2.0
80,80,80,80,80,80,80,80,80,80,80,80,80,https://raw.githubusercontent.com/BirkhoffG/crowd_project/main/img/img_161.png,0.0
81,81,81,81,81,81,81,81,81,81,81,81,81,https://raw.githubusercontent.com/BirkhoffG/crowd_project/main/img/img_163.png,0.0
82,82,82,82,82,82,82,82,82,82,82,82,82,https://raw.githubusercontent.com/BirkhoffG/crowd_project/main/img/img_165.png,0.0
83,83,83,83,83,83,83,83,83,83,83,83,83,https://raw.githubusercontent.com/BirkhoffG/crowd_project/main/img/img_167.png,0.0
84,84,84,84,84,84,84,84,84,84,84,84,84,https://raw.githubusercontent.com/BirkhoffG/crowd_project/main/img/img_169.png,2.0
85,85,85,85,85,85,85,85,85,85,85,85,85,https://raw.githubusercontent.com/BirkhoffG/crowd_project/main/img/img_171.png,4.0
86,86,86,86,86,86,86,86,86,86,86,86,86,https://raw.githubusercontent.com/BirkhoffG/crowd_project/main/img/img_173.png,1.0
87,87,87,87,87,87,87,87,87,87,87,87,87,https://raw.githubusercontent.com/BirkhoffG/crowd_project/main/img/img_175.png,0.0
88,88,88,88,88,88,88,88,88,88,88,88,88,https://raw.githubusercontent.com/BirkhoffG/crowd_project/main/img/img_177.png,0.0
89,89,89,89,89,89,89,89,89,89,89,89,89,https://raw.githubusercontent.com/BirkhoffG/crowd_project/main/img/img_179.png,3.0
90,90,90,90,90,90,90,90,90,90,90,90,90,https://raw.githubusercontent.com/BirkhoffG/crowd_project/main/img/img_181.png,0.0
91,91,91,91,91,91,91,91,91,91,91,91,91,https://raw.githubusercontent.com/BirkhoffG/crowd_project/main/img/img_183.png,1.0
92,92,92,92,92,92,92,92,92,92,92,92,92,https://raw.githubusercontent.com/BirkhoffG/crowd_project/main/img/img_185.png,0.0
93,93,93,93,93,93,93,93,93,93,93,93,93,https://raw.githubusercontent.com/BirkhoffG/crowd_project/main/img/img_187.png,0.0
94,94,94,94,94,94,94,94,94,94,94,94,94,https://raw.githubusercontent.com/BirkhoffG/crowd_project/main/img/img_189.png,0.0
95,95,95,95,95,95,95,95,95,95,95,95,95,https://raw.githubusercontent.com/BirkhoffG/crowd_project/main/img/img_191.png,0.0
96,96,96,96,96,96,96,96,96,96,96,96,96,https://raw.githubusercontent.com/BirkhoffG/crowd_project/main/img/img_193.png,0.0
97,97,97,97,97,97,97,97,97,97,97,97,97,https://raw.githubusercontent.com/BirkhoffG/crowd_project/main/img/img_195.png,0.0
98,98,98,98,98,98,98,98,98,98,98,98,98,https://raw.githubusercontent.com/BirkhoffG/crowd_project/main/img/img_197.png,0.0
99,99,99,99,99,99,99,99,99,99,99,99,99,https://raw.githubusercontent.com/BirkhoffG/crowd_project/main/img/img_199.png,0.0
100,100,100,100,100,100,100,100,100,100,100,100,100,https://raw.githubusercontent.com/BirkhoffG/crowd_project/main/img/img_201.png,2.0
101,101,101,101,101,101,101,101,101,101,101,101,101,https://raw.githubusercontent.com/BirkhoffG/crowd_project/main/img/img_203.png,0.0
102,102,102,102,102,102,102,102,102,102,102,102,102,https://raw.githubusercontent.com/BirkhoffG/crowd_project/main/img/img_205.png,4.0
103,103,103,103,103,103,103,103,103,103,103,103,103,https://raw.githubusercontent.com/BirkhoffG/crowd_project/main/img/img_207.png,0.0
104,104,104,104,104,104,104,104,104,104,104,104,104,https://raw.githubusercontent.com/BirkhoffG/crowd_project/main/img/img_209.png,0.0
105,105,105,105,105,105,105,105,105,105,105,105,105,https://raw.githubusercontent.com/BirkhoffG/crowd_project/main/img/img_211.png,0.0
106,106,106,106,106,106,106,106,106,106,106,106,106,https://raw.githubusercontent.com/BirkhoffG/crowd_project/main/img/img_213.png,0.0
107,107,107,107,107,107,107,107,107,107,107,107,107,https://raw.githubusercontent.com/BirkhoffG/crowd_project/main/img/img_215.png,0.0
108,108,108,108,108,108,108,108,108,108,108,108,108,https://raw.githubusercontent.com/BirkhoffG/crowd_project/main/img/img_217.png,2.0
109,109,109,109,109,109,109,109,109,109,109,109,109,https://raw.githubusercontent.com/BirkhoffG/crowd_project/main/img/img_219.png,0.0
110,110,110,110,110,110,110,110,110,110,110,110,110,https://raw.githubusercontent.com/BirkhoffG/crowd_project/main/img/img_221.png,0.0
111,111,111,111,111,111,111,111,111,111,111,111,111,https://raw.githubusercontent.com/BirkhoffG/crowd_project/main/img/img_223.png,2.0
112,112,112,112,112,112,112,112,112,112,112,112,112,https://raw.githubusercontent.com/BirkhoffG/crowd_project/main/img/img_225.png,0.0
113,113,113,113,113,113,113,113,113,113,113,113,113,https://raw.githubusercontent.com/BirkhoffG/crowd_project/main/img/img_227.png,4.0
114,114,114,114,114,114,114,114,114,114,114,114,114,https://raw.githubusercontent.com/BirkhoffG/crowd_project/main/img/img_229.png,0.0
115,115,115,115,115,115,115,115,115,115,115,115,115,https://raw.githubusercontent.com/BirkhoffG/crowd_project/main/img/img_231.png,0.0
116,116,116,116,116,116,116,116,116,116,116,116,116,https://raw.githubusercontent.com/BirkhoffG/crowd_project/main/img/img_233.png,0.0
117,117,117,117,117,117,117,117,117,117,117,117,117,https://raw.githubusercontent.com/BirkhoffG/crowd_project/main/img/img_235.png,0.0
118,118,118,118,118,118,118,118,118,118,118,118,118,https://raw.githubusercontent.com/BirkhoffG/crowd_project/main/img/img_237.png,0.0
119,119,119,119,119,119,119,119,119,119,119,119,119,https://raw.githubusercontent.com/BirkhoffG/crowd_project/main/img/img_239.png,4.0
120,120,120,120,120,120,120,120,120,120,120,120,120,https://raw.githubusercontent.com/BirkhoffG/crowd_project/main/img/img_241.png,1.0
121,121,121,121,121,121,121,121,121,121,121,121,121,https://raw.githubusercontent.com/BirkhoffG/crowd_project/main/img/img_243.png,0.0
122,122,122,122,122,122,122,122,122,122,122,122,122,https://raw.githubusercontent.com/BirkhoffG/crowd_project/main/img/img_245.png,0.0
123,123,123,123,123,123,123,123,123,123,123,123,123,https://raw.githubusercontent.com/BirkhoffG/crowd_project/main/img/img_247.png,4.0
124,124,124,124,124,124,124,124,124,124,124,124,124,https://raw.githubusercontent.com/BirkhoffG/crowd_project/main/img/img_249.png,1.0
125,125,125,125,125,125,125,125,125,125,125,125,125,https://raw.githubusercontent.com/BirkhoffG/crowd_project/main/img/img_251.png,0.0
126,126,126,126,126,126,126,126,126,126,126,126,126,https://raw.githubusercontent.com/BirkhoffG/crowd_project/main/img/img_253.png,3.0
127,127,127,127,127,127,127,127,127,127,127,127,127,https://raw.githubusercontent.com/BirkhoffG/crowd_project/main/img/img_255.png,2.0
128,128,128,128,128,128,128,128,128,128,128,128,128,https://raw.githubusercontent.com/BirkhoffG/crowd_project/main/img/img_257.png,2.0
129,129,129,129,129,129,129,129,129,129,129,129,129,https://raw.githubusercontent.com/BirkhoffG/crowd_project/main/img/img_259.png,0.0
130,130,130,130,130,130,130,130,130,130,130,130,130,https://raw.githubusercontent.com/BirkhoffG/crowd_project/main/img/img_261.png,0.0
131,131,131,131,131,131,131,131,131,131,131,131,131,https://raw.githubusercontent.com/BirkhoffG/crowd_project/main/img/img_263.png,2.0
132,132,132,132,132,132,132,132,132,132,132,132,132,https://raw.githubusercontent.com/BirkhoffG/crowd_project/main/img/img_265.png,0.0
133,133,133,133,133,133,133,133,133,133,133,133,133,https://raw.githubusercontent.com/BirkhoffG/crowd_project/main/img/img_267.png,2.0
134,134,134,134,134,134,134,134,134,134,134,134,134,https://raw.githubusercontent.com/BirkhoffG/crowd_project/main/img/img_269.png,0.0
135,135,135,135,135,135,135,135,135,135,135,135,135,https://raw.githubusercontent.com/BirkhoffG/crowd_project/main/img/img_271.png,0.0
136,136,136,136,136,136,136,136,136,136,136,136,136,https://raw.githubusercontent.com/BirkhoffG/crowd_project/main/img/img_273.png,0.0
137,137,137,137,137,137,137,137,137,137,137,137,137,https://raw.githubusercontent.com/BirkhoffG/crowd_project/main/img/img_275.png,0.0
138,138,138,138,138,138,138,138,138,138,138,138,138,https://raw.githubusercontent.com/BirkhoffG/crowd_project/main/img/img_277.png,1.0
139,139,139,139,139,139,139,139,139,139,139,139,139,https://raw.githubusercontent.com/BirkhoffG/crowd_project/main/img/img_279.png,0.0
140,140,140,140,140,140,140,140,140,140,140,140,140,https://raw.githubusercontent.com/BirkhoffG/crowd_project/main/img/img_281.png,2.0
141,141,141,141,141,141,141,141,141,141,141,141,141,https://raw.githubusercontent.com/BirkhoffG/crowd_project/main/img/img_283.png,0.0
142,142,142,142,142,142,142,142,142,142,142,142,142,https://raw.githubusercontent.com/BirkhoffG/crowd_project/main/img/img_285.png,0.0
143,143,143,143,143,143,143,143,143,143,143,143,143,https://raw.githubusercontent.com/BirkhoffG/crowd_project/main/img/img_287.png,0.0
144,144,144,144,144,144,144,144,144,144,144,144,144,https://raw.githubusercontent.com/BirkhoffG/crowd_project/main/img/img_289.png,3.0
145,145,145,145,145,145,145,145,145,145,145,145,145,https://raw.githubusercontent.com/BirkhoffG/crowd_project/main/img/img_291.png,0.0
146,146,146,146,146,146,146,146,146,146,146,146,146,https://raw.githubusercontent.com/BirkhoffG/crowd_project/main/img/img_293.png,0.0
147,147,147,147,147,147,147,147,147,147,147,147,147,https://raw.githubusercontent.com/BirkhoffG/crowd_project/main/img/img_295.png,0.0
148,148,148,148,148,148,148,148,148,148,148,148,148,https://raw.githubusercontent.com/BirkhoffG/crowd_project/main/img/img_297.png,0.0
149,149,149,149,149,149,149,149,149,149,149,149,149,https://raw.githubusercontent.com/BirkhoffG/crowd_project/main/img/img_299.png,0.0
150,150,150,150,150,150,150,150,150,150,150,150,150,https://raw.githubusercontent.com/BirkhoffG/crowd_project/main/img/img_301.png,2.0
151,151,151,151,151,151,151,151,151,151,151,151,151,https://raw.githubusercontent.com/BirkhoffG/crowd_project/main/img/img_303.png,0.0
152,152,152,152,152,152,152,152,152,152,152,152,152,https://raw.githubusercontent.com/BirkhoffG/crowd_project/main/img/img_305.png,0.0
153,153,153,153,153,153,153,153,153,153,153,153,153,https://raw.githubusercontent.com/BirkhoffG/crowd_project/main/img/img_307.png,3.0
154,154,154,154,154,154,154,154,154,154,154,154,154,https://raw.githubusercontent.com/BirkhoffG/crowd_project/main/img/img_309.png,0.0
155,155,155,155,155,155,155,155,155,155,155,155,155,https://raw.githubusercontent.com/BirkhoffG/crowd_project/main/img/img_311.png,0.0
156,156,156,156,156,156,156,156,156,156,156,156,156,https://raw.githubusercontent.com/BirkhoffG/crowd_project/main/img/img_313.png,0.0
157,157,157,157,157,157,157,157,157,157,157,157,157,https://raw.githubusercontent.com/BirkhoffG/crowd_project/main/img/img_315.png,3.0
158,158,158,158,158,158,158,158,158,158,158,158,158,https://raw.githubusercontent.com/BirkhoffG/crowd_project/main/img/img_317.png,3.0
159,159,159,159,159,159,159,159,159,159,159,159,159,https://raw.githubusercontent.com/BirkhoffG/crowd_project/main/img/img_319.png,0.0
160,160,160,160,160,160,160,160,160,160,160,160,160,https://raw.githubusercontent.com/BirkhoffG/crowd_project/main/img/img_321.png,0.0
161,161,161,161,161,161,161,161,161,161,161,161,161,https://raw.githubusercontent.com/BirkhoffG/crowd_project/main/img/img_323.png,0.0
162,162,162,162,162,162,162,162,162,162,162,162,162,https://raw.githubusercontent.com/BirkhoffG/crowd_project/main/img/img_325.png,3.0
163,163,163,163,163,163,163,163,163,163,163,163,163,https://raw.githubusercontent.com/BirkhoffG/crowd_project/main/img/img_327.png,0.0
164,164,164,164,164,164,164,164,164,164,164,164,164,https://raw.githubusercontent.com/BirkhoffG/crowd_project/main/img/img_329.png,0.0
165,165,165,165,165,165,165,165,165,165,165,165,165,https://raw.githubusercontent.com/BirkhoffG/crowd_project/main/img/img_331.png,0.0
166,166,166,166,166,166,166,166,166,166,166,166,166,https://raw.githubusercontent.com/BirkhoffG/crowd_project/main/img/img_333.png,0.0
167,167,167,167,167,167,167,167,167,167,167,167,167,https://raw.githubusercontent.com/BirkhoffG/crowd_project/main/img/img_335.png,0.0
168,168,168,168,168,168,168,168,168,168,168,168,168,https://raw.githubusercontent.com/BirkhoffG/crowd_project/main/img/img_337.png,0.0
169,169,169,169,169,169,169,169,169,169,169,169,169,https://raw.githubusercontent.com/BirkhoffG/crowd_project/main/img/img_339.png,0.0
170,170,170,170,170,170,170,170,170,170,170,170,170,https://raw.githubusercontent.com/BirkhoffG/crowd_project/main/img/img_341.png,0.0
171,171,171,171,171,171,171,171,171,171,171,171,171,https://raw.githubusercontent.com/BirkhoffG/crowd_project/main/img/img_343.png,0.0
172,172,172,172,172,172,172,172,172,172,172,172,172,https://raw.githubusercontent.com/BirkhoffG/crowd_project/main/img/img_345.png,0.0
173,173,173,173,173,173,173,173,173,173,173,173,173,https://raw.githubusercontent.com/BirkhoffG/crowd_project/main/img/img_347.png,0.0
174,174,174,174,174,174,174,174,174,174,174,174,174,https://raw.githubusercontent.com/BirkhoffG/crowd_project/main/img/img_349.png,4.0
175,175,175,175,175,175,175,175,175,175,175,175,175,https://raw.githubusercontent.com/BirkhoffG/crowd_project/main/img/img_351.png,0.0
176,176,176,176,176,176,176,176,176,176,176,176,176,https://raw.githubusercontent.com/BirkhoffG/crowd_project/main/img/img_353.png,1.0
177,177,177,177,177,177,177,177,177,177,177,177,177,https://raw.githubusercontent.com/BirkhoffG/crowd_project/main/img/img_355.png,0.0
178,178,178,178,178,178,178,178,178,178,178,178,178,https://raw.githubusercontent.com/BirkhoffG/crowd_project/main/img/img_357.png,0.0
179,179,179,179,179,179,179,179,179,179,179,179,179,https://raw.githubusercontent.com/BirkhoffG/crowd_project/main/img/img_359.png,0.0
180,180,180,180,180,180,180,180,180,180,180,180,180,https://raw.githubusercontent.com/BirkhoffG/crowd_project/main/img/img_361.png,0.0
181,181,181,181,181,181,181,181,181,181,181,181,181,https://raw.githubusercontent.com/BirkhoffG/crowd_project/main/img/img_363.png,0.0
182,182,182,182,182,182,182,182,182,182,182,182,182,https://raw.githubusercontent.com/BirkhoffG/crowd_project/main/img/img_365.png,0.0
183,183,183,183,183,183,183,183,183,183,183,183,183,https://raw.githubusercontent.com/BirkhoffG/crowd_project/main/img/img_367.png,0.0
184,184,184,184,184,184,184,184,184,184,184,184,184,https://raw.githubusercontent.com/BirkhoffG/crowd_project/main/img/img_369.png,0.0
185,185,185,185,185,185,185,185,185,185,185,185,185,https://raw.githubusercontent.com/BirkhoffG/crowd_project/main/img/img_371.png,2.0
186,186,186,186,186,186,186,186,186,186,186,186,186,https://raw.githubusercontent.com/BirkhoffG/crowd_project/main/img/img_373.png,2.0
187,187,187,187,187,187,187,187,187,187,187,187,187,https://raw.githubusercontent.com/BirkhoffG/crowd_project/main/img/img_375.png,0.0
188,188,188,188,188,188,188,188,188,188,188,188,188,https://raw.githubusercontent.com/BirkhoffG/crowd_project/main/img/img_377.png,1.0
189,189,189,189,189,189,189,189,189,189,189,189,189,https://raw.githubusercontent.com/BirkhoffG/crowd_project/main/img/img_379.png,0.0
190,190,190,190,190,190,190,190,190,190,190,190,190,https://raw.githubusercontent.com/BirkhoffG/crowd_project/main/img/img_381.png,0.0
191,191,191,191,191,191,191,191,191,191,191,191,191,https://raw.githubusercontent.com/BirkhoffG/crowd_project/main/img/img_383.png,0.0
192,192,192,192,192,192,192,192,192,192,192,192,192,https://raw.githubusercontent.com/BirkhoffG/crowd_project/main/img/img_385.png,3.0
193,193,193,193,193,193,193,193,193,193,193,193,193,https://raw.githubusercontent.com/BirkhoffG/crowd_project/main/img/img_387.png,0.0
194,194,194,194,194,194,194,194,194,194,194,194,194,https://raw.githubusercontent.com/BirkhoffG/crowd_project/main/img/img_389.png,0.0
195,195,195,195,195,195,195,195,195,195,195,195,195,https://raw.githubusercontent.com/BirkhoffG/crowd_project/main/img/img_391.png,0.0
196,196,196,196,196,196,196,196,196,196,196,196,196,https://raw.githubusercontent.com/BirkhoffG/crowd_project/main/img/img_393.png,0.0
197,197,197,197,197,197,197,197,197,197,197,197,197,https://raw.githubusercontent.com/BirkhoffG/crowd_project/main/img/img_395.png,3.0
198,198,198,198,198,198,198,198,198,198,198,198,198,https://raw.githubusercontent.com/BirkhoffG/crowd_project/main/img/img_397.png,0.0
199,199,199,199,199,199,199,199,199,199,199,199,199,https://raw.githubusercontent.com/BirkhoffG/crowd_project/main/img/img_399.png,2.0
200,200,200,200,200,200,200,200,200,200,200,200,200,https://raw.githubusercontent.com/BirkhoffG/crowd_project/main/img/img_401.png,0.0
201,201,201,201,201,201,201,201,201,201,201,201,201,https://raw.githubusercontent.com/BirkhoffG/crowd_project/main/img/img_403.png,4.0
202,202,202,202,202,202,202,202,202,202,202,202,202,https://raw.githubusercontent.com/BirkhoffG/crowd_project/main/img/img_405.png,0.0
203,203,203,203,203,203,203,203,203,203,203,203,203,https://raw.githubusercontent.com/BirkhoffG/crowd_project/main/img/img_407.png,0.0
204,204,204,204,204,204,204,204,204,204,204,204,204,https://raw.githubusercontent.com/BirkhoffG/crowd_project/main/img/img_409.png,0.0
205,205,205,205,205,205,205,205,205,205,205,205,205,https://raw.githubusercontent.com/BirkhoffG/crowd_project/main/img/img_411.png,4.0
206,206,206,206,206,206,206,206,206,206,206,206,206,https://raw.githubusercontent.com/BirkhoffG/crowd_project/main/img/img_413.png,0.0
207,207,207,207,207,207,207,207,207,207,207,207,207,https://raw.githubusercontent.com/BirkhoffG/crowd_project/main/img/img_415.png,0.0
208,208,208,208,208,208,208,208,208,208,208,208,208,https://raw.githubusercontent.com/BirkhoffG/crowd_project/main/img/img_417.png,2.0
209,209,209,209,209,209,209,209,209,209,209,209,209,https://raw.githubusercontent.com/BirkhoffG/crowd_project/main/img/img_419.png,0.0
210,210,210,210,210,210,210,210,210,210,210,210,210,https://raw.githubusercontent.com/BirkhoffG/crowd_project/main/img/img_421.png,0.0
211,211,211,211,211,211,211,211,211,211,211,211,211,https://raw.githubusercontent.com/BirkhoffG/crowd_project/main/img/img_423.png,2.0
212,212,212,212,212,212,212,212,212,212,212,212,212,https://raw.githubusercontent.com/BirkhoffG/crowd_project/main/img/img_425.png,0.0
213,213,213,213,213,213,213,213,213,213,213,213,213,https://raw.githubusercontent.com/BirkhoffG/crowd_project/main/img/img_427.png,0.0
214,214,214,214,214,214,214,214,214,214,214,214,214,https://raw.githubusercontent.com/BirkhoffG/crowd_project/main/img/img_429.png,4.0
215,215,215,215,215,215,215,215,215,215,215,215,215,https://raw.githubusercontent.com/BirkhoffG/crowd_project/main/img/img_431.png,0.0
216,216,216,216,216,216,216,216,216,216,216,216,216,https://raw.githubusercontent.com/BirkhoffG/crowd_project/main/img/img_433.png,0.0
217,217,217,217,217,217,217,217,217,217,217,217,217,https://raw.githubusercontent.com/BirkhoffG/crowd_project/main/img/img_435.png,2.0
218,218,218,218,218,218,218,218,218,218,218,218,218,https://raw.githubusercontent.com/BirkhoffG/crowd_project/main/img/img_437.png,0.0
219,219,219,219,219,219,219,219,219,219,219,219,219,https://raw.githubusercontent.com/BirkhoffG/crowd_project/main/img/img_439.png,0.0
220,220,220,220,220,220,220,220,220,220,220,220,220,https://raw.githubusercontent.com/BirkhoffG/crowd_project/main/img/img_441.png,0.0
221,221,221,221,221,221,221,221,221,221,221,221,221,https://raw.githubusercontent.com/BirkhoffG/crowd_project/main/img/img_443.png,2.0
222,222,222,222,222,222,222,222,222,222,222,222,222,https://raw.githubusercontent.com/BirkhoffG/crowd_project/main/img/img_445.png,0.0
223,223,223,223,223,223,223,223,223,223,223,223,223,https://raw.githubusercontent.com/BirkhoffG/crowd_project/main/img/img_447.png,0.0
224,224,224,224,224,224,224,224,224,224,224,224,224,https://raw.githubusercontent.com/BirkhoffG/crowd_project/main/img/img_449.png,0.0
225,225,225,225,225,225,225,225,225,225,225,225,225,https://raw.githubusercontent.com/BirkhoffG/crowd_project/main/img/img_451.png,0.0
226,226,226,226,226,226,226,226,226,226,226,226,226,https://raw.githubusercontent.com/BirkhoffG/crowd_project/main/img/img_453.png,3.0
227,227,227,227,227,227,227,227,227,227,227,227,227,https://raw.githubusercontent.com/BirkhoffG/crowd_project/main/img/img_455.png,0.0
228,228,228,228,228,228,228,228,228,228,228,228,228,https://raw.githubusercontent.com/BirkhoffG/crowd_project/main/img/img_457.png,0.0
229,229,229,229,229,229,229,229,229,229,229,229,229,https://raw.githubusercontent.com/BirkhoffG/crowd_project/main/img/img_459.png,0.0
230,230,230,230,230,230,230,230,230,230,230,230,230,https://raw.githubusercontent.com/BirkhoffG/crowd_project/main/img/img_461.png,0.0
231,231,231,231,231,231,231,231,231,231,231,231,231,https://raw.githubusercontent.com/BirkhoffG/crowd_project/main/img/img_463.png,0.0
232,232,232,232,232,232,232,232,232,232,232,232,232,https://raw.githubusercontent.com/BirkhoffG/crowd_project/main/img/img_465.png,0.0
233,233,233,233,233,233,233,233,233,233,233,233,233,https://raw.githubusercontent.com/BirkhoffG/crowd_project/main/img/img_467.png,0.0
234,234,234,234,234,234,234,234,234,234,234,234,234,https://raw.githubusercontent.com/BirkhoffG/crowd_project/main/img/img_469.png,0.0
235,235,235,235,235,235,235,235,235,235,235,235,235,https://raw.githubusercontent.com/BirkhoffG/crowd_project/main/img/img_471.png,2.0
236,236,236,236,236,236,236,236,236,236,236,236,236,https://raw.githubusercontent.com/BirkhoffG/crowd_project/main/img/img_473.png,0.0
237,237,237,237,237,237,237,237,237,237,237,237,237,https://raw.githubusercontent.com/BirkhoffG/crowd_project/main/img/img_475.png,0.0
238,238,238,238,238,238,238,238,238,238,238,238,238,https://raw.githubusercontent.com/BirkhoffG/crowd_project/main/img/img_477.png,3.0
239,239,239,239,239,239,239,239,239,239,239,239,239,https://raw.githubusercontent.com/BirkhoffG/crowd_project/main/img/img_479.png,0.0
240,240,240,240,240,240,240,240,240,240,240,240,240,https://raw.githubusercontent.com/BirkhoffG/crowd_project/main/img/img_481.png,0.0
241,241,241,241,241,241,241,241,241,241,241,241,241,https://raw.githubusercontent.com/BirkhoffG/crowd_project/main/img/img_483.png,2.0
242,242,242,242,242,242,242,242,242,242,242,242,242,https://raw.githubusercontent.com/BirkhoffG/crowd_project/main/img/img_485.png,0.0
243,243,243,243,243,243,243,243,243,243,243,243,243,https://raw.githubusercontent.com/BirkhoffG/crowd_project/main/img/img_487.png,0.0
244,244,244,244,244,244,244,244,244,244,244,244,244,https://raw.githubusercontent.com/BirkhoffG/crowd_project/main/img/img_489.png,2.0
245,245,245,245,245,245,245,245,245,245,245,245,245,https://raw.githubusercontent.com/BirkhoffG/crowd_project/main/img/img_491.png,4.0
246,246,246,246,246,246,246,246,246,246,246,246,246,https://raw.githubusercontent.com/BirkhoffG/crowd_project/main/img/img_493.png,2.0
247,247,247,247,247,247,247,247,247,247,247,247,247,https://raw.githubusercontent.com/BirkhoffG/crowd_project/main/img/img_495.png,0.0
248,248,248,248,248,248,248,248,248,248,248,248,248,https://raw.githubusercontent.com/BirkhoffG/crowd_project/main/img/img_497.png,0.0
249,249,249,249,249,249,249,249,249,249,249,249,249,https://raw.githubusercontent.com/BirkhoffG/crowd_project/main/img/img_499.png,4.0
250,250,250,250,250,250,250,250,250,250,250,250,250,https://raw.githubusercontent.com/BirkhoffG/crowd_project/main/img/img_501.png,0.0
251,251,251,251,251,251,251,251,251,251,251,251,251,https://raw.githubusercontent.com/BirkhoffG/crowd_project/main/img/img_503.png,0.0
252,252,252,252,252,252,252,252,252,252,252,252,252,https://raw.githubusercontent.com/BirkhoffG/crowd_project/main/img/img_505.png,0.0
253,253,253,253,253,253,253,253,253,253,253,253,253,https://raw.githubusercontent.com/BirkhoffG/crowd_project/main/img/img_507.png,0.0
254,254,254,254,254,254,254,254,254,254,254,254,254,https://raw.githubusercontent.com/BirkhoffG/crowd_project/main/img/img_509.png,0.0
255,255,255,255,255,255,255,255,255,255,255,255,255,https://raw.githubusercontent.com/BirkhoffG/crowd_project/main/img/img_511.png,4.0
256,256,256,256,256,256,256,256,256,256,256,256,256,https://raw.githubusercontent.com/BirkhoffG/crowd_project/main/img/img_513.png,0.0
257,257,257,257,257,257,257,257,257,257,257,257,257,https://raw.githubusercontent.com/BirkhoffG/crowd_project/main/img/img_515.png,4.0
258,258,258,258,258,258,258,258,258,258,258,258,258,https://raw.githubusercontent.com/BirkhoffG/crowd_project/main/img/img_517.png,0.0
259,259,259,259,259,259,259,259,259,259,259,259,259,https://raw.githubusercontent.com/BirkhoffG/crowd_project/main/img/img_519.png,0.0
260,260,260,260,260,260,260,260,260,260,260,260,260,https://raw.githubusercontent.com/BirkhoffG/crowd_project/main/img/img_521.png,0.0
261,261,261,261,261,261,261,261,261,261,261,261,261,https://raw.githubusercontent.com/BirkhoffG/crowd_project/main/img/img_523.png,0.0
262,262,262,262,262,262,262,262,262,262,262,262,262,https://raw.githubusercontent.com/BirkhoffG/crowd_project/main/img/img_525.png,0.0
263,263,263,263,263,263,263,263,263,263,263,263,263,https://raw.githubusercontent.com/BirkhoffG/crowd_project/main/img/img_527.png,2.0
264,264,264,264,264,264,264,264,264,264,264,264,264,https://raw.githubusercontent.com/BirkhoffG/crowd_project/main/img/img_529.png,0.0
265,265,265,265,265,265,265,265,265,265,265,265,265,https://raw.githubusercontent.com/BirkhoffG/crowd_project/main/img/img_531.png,4.0
266,266,266,266,266,266,266,266,266,266,266,266,266,https://raw.githubusercontent.com/BirkhoffG/crowd_project/main/img/img_533.png,4.0
267,267,267,267,267,267,267,267,267,267,267,267,267,https://raw.githubusercontent.com/BirkhoffG/crowd_project/main/img/img_535.png,0.0
268,268,268,268,268,268,268,268,268,268,268,268,268,https://raw.githubusercontent.com/BirkhoffG/crowd_project/main/img/img_537.png,4.0
269,269,269,269,269,269,269,269,269,269,269,269,269,https://raw.githubusercontent.com/BirkhoffG/crowd_project/main/img/img_539.png,0.0
270,270,270,270,270,270,270,270,270,270,270,270,270,https://raw.githubusercontent.com/BirkhoffG/crowd_project/main/img/img_541.png,0.0
271,271,271,271,271,271,271,271,271,271,271,271,271,https://raw.githubusercontent.com/BirkhoffG/crowd_project/main/img/img_543.png,4.0
272,272,272,272,272,272,272,272,272,272,272,272,272,https://raw.githubusercontent.com/BirkhoffG/crowd_project/main/img/img_545.png,0.0
273,273,273,273,273,273,273,273,273,273,273,273,273,https://raw.githubusercontent.com/BirkhoffG/crowd_project/main/img/img_547.png,0.0
274,274,274,274,274,274,274,274,274,274,274,274,274,https://raw.githubusercontent.com/BirkhoffG/crowd_project/main/img/img_549.png,1.0
275,275,275,275,275,275,275,275,275,275,275,275,275,https://raw.githubusercontent.com/BirkhoffG/crowd_project/main/img/img_551.png,0.0
276,276,276,276,276,276,276,276,276,276,276,276,276,https://raw.githubusercontent.com/BirkhoffG/crowd_project/main/img/img_553.png,0.0
277,277,277,277,277,277,277,277,277,277,277,277,277,https://raw.githubusercontent.com/BirkhoffG/crowd_project/main/img/img_555.png,0.0
278,278,278,278,278,278,278,278,278,278,278,278,278,https://raw.githubusercontent.com/BirkhoffG/crowd_project/main/img/img_557.png,2.0
279,279,279,279,279,279,279,279,279,279,279,279,279,https://raw.githubusercontent.com/BirkhoffG/crowd_project/main/img/img_559.png,2.0
280,280,280,280,280,280,280,280,280,280,280,280,280,https://raw.githubusercontent.com/BirkhoffG/crowd_project/main/img/img_561.png,0.0
281,281,281,281,281,281,281,281,281,281,281,281,281,https://raw.githubusercontent.com/BirkhoffG/crowd_project/main/img/img_563.png,0.0
282,282,282,282,282,282,282,282,282,282,282,282,282,https://raw.githubusercontent.com/BirkhoffG/crowd_project/main/img/img_565.png,0.0
283,283,283,283,283,283,283,283,283,283,283,283,283,https://raw.githubusercontent.com/BirkhoffG/crowd_project/main/img/img_567.png,0.0
284,284,284,284,284,284,284,284,284,284,284,284,284,https://raw.githubusercontent.com/BirkhoffG/crowd_project/main/img/img_569.png,0.0
285,285,285,285,285,285,285,285,285,285,285,285,285,https://raw.githubusercontent.com/BirkhoffG/crowd_project/main/img/img_571.png,0.0
286,286,286,286,286,286,286,286,286,286,286,286,286,https://raw.githubusercontent.com/BirkhoffG/crowd_project/main/img/img_573.png,0.0
287,287,287,287,287,287,287,287,287,287,287,287,287,https://raw.githubusercontent.com/BirkhoffG/crowd_project/main/img/img_575.png,0.0
288,288,288,288,288,288,288,288,288,288,288,288,288,https://raw.githubusercontent.com/BirkhoffG/crowd_project/main/img/img_577.png,4.0
289,289,289,289,289,289,289,289,289,289,289,289,289,https://raw.githubusercontent.com/BirkhoffG/crowd_project/main/img/img_579.png,0.0
290,290,290,290,290,290,290,290,290,290,290,290,290,https://raw.githubusercontent.com/BirkhoffG/crowd_project/main/img/img_581.png,0.0
291,291,291,291,291,291,291,291,291,291,291,291,291,https://raw.githubusercontent.com/BirkhoffG/crowd_project/main/img/img_583.png,0.0
292,292,292,292,292,292,292,292,292,292,292,292,292,https://raw.githubusercontent.com/BirkhoffG/crowd_project/main/img/img_585.png,0.0
293,293,293,293,293,293,293,293,293,293,293,293,293,https://raw.githubusercontent.com/BirkhoffG/crowd_project/main/img/img_587.png,0.0
294,294,294,294,294,294,294,294,294,294,294,294,294,https://raw.githubusercontent.com/BirkhoffG/crowd_project/main/img/img_589.png,0.0
295,295,295,295,295,295,295,295,295,295,295,295,295,https://raw.githubusercontent.com/BirkhoffG/crowd_project/main/img/img_591.png,4.0
296,296,296,296,296,296,296,296,296,296,296,296,296,https://raw.githubusercontent.com/BirkhoffG/crowd_project/main/img/img_593.png,0.0
297,297,297,297,297,297,297,297,297,297,297,297,297,https://raw.githubusercontent.com/BirkhoffG/crowd_project/main/img/img_595.png,2.0
298,298,298,298,298,298,298,298,298,298,298,298,298,https://raw.githubusercontent.com/BirkhoffG/crowd_project/main/img/img_597.png,0.0
299,299,299,299,299,299,299,299,299,299,299,299,299,https://raw.githubusercontent.com/BirkhoffG/crowd_project/main/img/img_599.png,0.0
300,300,300,300,300,300,300,300,300,300,300,300,300,https://raw.githubusercontent.com/BirkhoffG/crowd_project/main/img/img_601.png,4.0
301,301,301,301,301,301,301,301,301,301,301,301,301,https://raw.githubusercontent.com/BirkhoffG/crowd_project/main/img/img_603.png,0.0
302,302,302,302,302,302,302,302,302,302,302,302,302,https://raw.githubusercontent.com/BirkhoffG/crowd_project/main/img/img_605.png,4.0
303,303,303,303,303,303,303,303,303,303,303,303,303,https://raw.githubusercontent.com/BirkhoffG/crowd_project/main/img/img_607.png,4.0
304,304,304,304,304,304,304,304,304,304,304,304,304,https://raw.githubusercontent.com/BirkhoffG/crowd_project/main/img/img_609.png,4.0
305,305,305,305,305,305,305,305,305,305,305,305,305,https://raw.githubusercontent.com/BirkhoffG/crowd_project/main/img/img_611.png,0.0
306,306,306,306,306,306,306,306,306,306,306,306,306,https://raw.githubusercontent.com/BirkhoffG/crowd_project/main/img/img_613.png,0.0
307,307,307,307,307,307,307,307,307,307,307,307,307,https://raw.githubusercontent.com/BirkhoffG/crowd_project/main/img/img_615.png,0.0
308,308,308,308,308,308,308,308,308,308,308,308,308,https://raw.githubusercontent.com/BirkhoffG/crowd_project/main/img/img_617.png,0.0
309,309,309,309,309,309,309,309,309,309,309,309,309,https://raw.githubusercontent.com/BirkhoffG/crowd_project/main/img/img_619.png,2.0
310,310,310,310,310,310,310,310,310,310,310,310,310,https://raw.githubusercontent.com/BirkhoffG/crowd_project/main/img/img_621.png,3.0
311,311,311,311,311,311,311,311,311,311,311,311,311,https://raw.githubusercontent.com/BirkhoffG/crowd_project/main/img/img_623.png,0.0
312,312,312,312,312,312,312,312,312,312,312,312,312,https://raw.githubusercontent.com/BirkhoffG/crowd_project/main/img/img_625.png,0.0
313,313,313,313,313,313,313,313,313,313,313,313,313,https://raw.githubusercontent.com/BirkhoffG/crowd_project/main/img/img_627.png,1.0
314,314,314,314,314,314,314,314,314,314,314,314,314,https://raw.githubusercontent.com/BirkhoffG/crowd_project/main/img/img_629.png,0.0
315,315,315,315,315,315,315,315,315,315,315,315,315,https://raw.githubusercontent.com/BirkhoffG/crowd_project/main/img/img_631.png,0.0
316,316,316,316,316,316,316,316,316,316,316,316,316,https://raw.githubusercontent.com/BirkhoffG/crowd_project/main/img/img_633.png,0.0
317,317,317,317,317,317,317,317,317,317,317,317,317,https://raw.githubusercontent.com/BirkhoffG/crowd_project/main/img/img_635.png,4.0
318,318,318,318,318,318,318,318,318,318,318,318,318,https://raw.githubusercontent.com/BirkhoffG/crowd_project/main/img/img_637.png,0.0
319,319,319,319,319,319,319,319,319,319,319,319,319,https://raw.githubusercontent.com/BirkhoffG/crowd_project/main/img/img_639.png,2.0
320,320,320,320,320,320,320,320,320,320,320,320,320,https://raw.githubusercontent.com/BirkhoffG/crowd_project/main/img/img_641.png,0.0
321,321,321,321,321,321,321,321,321,321,321,321,321,https://raw.githubusercontent.com/BirkhoffG/crowd_project/main/img/img_643.png,2.0
322,322,322,322,322,322,322,322,322,322,322,322,322,https://raw.githubusercontent.com/BirkhoffG/crowd_project/main/img/img_645.png,2.0
323,323,323,323,323,323,323,323,323,323,323,323,323,https://raw.githubusercontent.com/BirkhoffG/crowd_project/main/img/img_647.png,0.0
324,324,324,324,324,324,324,324,324,324,324,324,324,https://raw.githubusercontent.com/BirkhoffG/crowd_project/main/img/img_649.png,0.0
325,325,325,325,325,325,325,325,325,325,325,325,325,https://raw.githubusercontent.com/BirkhoffG/crowd_project/main/img/img_651.png,0.0
326,326,326,326,326,326,326,326,326,326,326,326,326,https://raw.githubusercontent.com/BirkhoffG/crowd_project/main/img/img_653.png,2.0
327,327,327,327,327,327,327,327,327,327,327,327,327,https://raw.githubusercontent.com/BirkhoffG/crowd_project/main/img/img_655.png,1.0
328,328,328,328,328,328,328,328,328,328,328,328,328,https://raw.githubusercontent.com/BirkhoffG/crowd_project/main/img/img_657.png,0.0
329,329,329,329,329,329,329,329,329,329,329,329,329,https://raw.githubusercontent.com/BirkhoffG/crowd_project/main/img/img_659.png,0.0
330,330,330,330,330,330,330,330,330,330,330,330,330,https://raw.githubusercontent.com/BirkhoffG/crowd_project/main/img/img_661.png,4.0
331,331,331,331,331,331,331,331,331,331,331,331,331,https://raw.githubusercontent.com/BirkhoffG/crowd_project/main/img/img_663.png,0.0
332,332,332,332,332,332,332,332,332,332,332,332,332,https://raw.githubusercontent.com/BirkhoffG/crowd_project/main/img/img_665.png,2.0
333,333,333,333,333,333,333,333,333,333,333,333,333,https://raw.githubusercontent.com/BirkhoffG/crowd_project/main/img/img_667.png,0.0
334,334,334,334,334,334,334,334,334,334,334,334,334,https://raw.githubusercontent.com/BirkhoffG/crowd_project/main/img/img_669.png,1.0
335,335,335,335,335,335,335,335,335,335,335,335,335,https://raw.githubusercontent.com/BirkhoffG/crowd_project/main/img/img_671.png,0.0
336,336,336,336,336,336,336,336,336,336,336,336,336,https://raw.githubusercontent.com/BirkhoffG/crowd_project/main/img/img_673.png,0.0
337,337,337,337,337,337,337,337,337,337,337,337,337,https://raw.githubusercontent.com/BirkhoffG/crowd_project/main/img/img_675.png,4.0
338,338,338,338,338,338,338,338,338,338,338,338,338,https://raw.githubusercontent.com/BirkhoffG/crowd_project/main/img/img_677.png,0.0
339,339,339,339,339,339,339,339,339,339,339,339,339,https://raw.githubusercontent.com/BirkhoffG/crowd_project/main/img/img_679.png,4.0
340,340,340,340,340,340,340,340,340,340,340,340,340,https://raw.githubusercontent.com/BirkhoffG/crowd_project/main/img/img_681.png,0.0
341,341,341,341,341,341,341,341,341,341,341,341,341,https://raw.githubusercontent.com/BirkhoffG/crowd_project/main/img/img_683.png,0.0
342,342,342,342,342,342,342,342,342,342,342,342,342,https://raw.githubusercontent.com/BirkhoffG/crowd_project/main/img/img_685.png,0.0
343,343,343,343,343,343,343,343,343,343,343,343,343,https://raw.githubusercontent.com/BirkhoffG/crowd_project/main/img/img_687.png,0.0
344,344,344,344,344,344,344,344,344,344,344,344,344,https://raw.githubusercontent.com/BirkhoffG/crowd_project/main/img/img_689.png,2.0
345,345,345,345,345,345,345,345,345,345,345,345,345,https://raw.githubusercontent.com/BirkhoffG/crowd_project/main/img/img_691.png,2.0
346,346,346,346,346,346,346,346,346,346,346,346,346,https://raw.githubusercontent.com/BirkhoffG/crowd_project/main/img/img_693.png,0.0
347,347,347,347,347,347,347,347,347,347,347,347,347,https://raw.githubusercontent.com/BirkhoffG/crowd_project/main/img/img_695.png,0.0
348,348,348,348,348,348,348,348,348,348,348,348,348,https://raw.githubusercontent.com/BirkhoffG/crowd_project/main/img/img_697.png,2.0
349,349,349,349,349,349,349,349,349,349,349,349,349,https://raw.githubusercontent.com/BirkhoffG/crowd_project/main/img/img_699.png,0.0
350,350,350,350,350,350,350,350,350,350,350,350,350,https://raw.githubusercontent.com/BirkhoffG/crowd_project/main/img/img_701.png,1.0
351,351,351,351,351,351,351,351,351,351,351,351,351,https://raw.githubusercontent.com/BirkhoffG/crowd_project/main/img/img_703.png,2.0
352,352,352,352,352,352,352,352,352,352,352,352,352,https://raw.githubusercontent.com/BirkhoffG/crowd_project/main/img/img_705.png,0.0
353,353,353,353,353,353,353,353,353,353,353,353,353,https://raw.githubusercontent.com/BirkhoffG/crowd_project/main/img/img_707.png,0.0
354,354,354,354,354,354,354,354,354,354,354,354,354,https://raw.githubusercontent.com/BirkhoffG/crowd_project/main/img/img_709.png,4.0
355,355,355,355,355,355,355,355,355,355,355,355,355,https://raw.githubusercontent.com/BirkhoffG/crowd_project/main/img/img_711.png,0.0
356,356,356,356,356,356,356,356,356,356,356,356,356,https://raw.githubusercontent.com/BirkhoffG/crowd_project/main/img/img_713.png,0.0
357,357,357,357,357,357,357,357,357,357,357,357,357,https://raw.githubusercontent.com/BirkhoffG/crowd_project/main/img/img_715.png,0.0
358,358,358,358,358,358,358,358,358,358,358,358,358,https://raw.githubusercontent.com/BirkhoffG/crowd_project/main/img/img_717.png,2.0
359,359,359,359,359,359,359,359,359,359,359,359,359,https://raw.githubusercontent.com/BirkhoffG/crowd_project/main/img/img_719.png,0.0
360,360,360,360,360,360,360,360,360,360,360,360,360,https://raw.githubusercontent.com/BirkhoffG/crowd_project/main/img/img_721.png,0.0
361,361,361,361,361,361,361,361,361,361,361,361,361,https://raw.githubusercontent.com/BirkhoffG/crowd_project/main/img/img_723.png,1.0
362,362,362,362,362,362,362,362,362,362,362,362,362,https://raw.githubusercontent.com/BirkhoffG/crowd_project/main/img/img_725.png,0.0
363,363,363,363,363,363,363,363,363,363,363,363,363,https://raw.githubusercontent.com/BirkhoffG/crowd_project/main/img/img_727.png,0.0
364,364,364,364,364,364,364,364,364,364,364,364,364,https://raw.githubusercontent.com/BirkhoffG/crowd_project/main/img/img_729.png,0.0
365,365,365,365,365,365,365,365,365,365,365,365,365,https://raw.githubusercontent.com/BirkhoffG/crowd_project/main/img/img_731.png,0.0
366,366,366,366,366,366,366,366,366,366,366,366,366,https://raw.githubusercontent.com/BirkhoffG/crowd_project/main/img/img_733.png,0.0
367,367,367,367,367,367,367,367,367,367,367,367,367,https://raw.githubusercontent.com/BirkhoffG/crowd_project/main/img/img_735.png,3.0
368,368,368,368,368,368,368,368,368,368,368,368,368,https://raw.githubusercontent.com/BirkhoffG/crowd_project/main/img/img_737.png,0.0
369,369,369,369,369,369,369,369,369,369,369,369,369,https://raw.githubusercontent.com/BirkhoffG/crowd_project/main/img/img_739.png,0.0
370,370,370,370,370,370,370,370,370,370,370,370,370,https://raw.githubusercontent.com/BirkhoffG/crowd_project/main/img/img_741.png,0.0
371,371,371,371,371,371,371,371,371,371,371,371,371,https://raw.githubusercontent.com/BirkhoffG/crowd_project/main/img/img_743.png,0.0
372,372,372,372,372,372,372,372,372,372,372,372,372,https://raw.githubusercontent.com/BirkhoffG/crowd_project/main/img/img_745.png,0.0
373,373,373,373,373,373,373,373,373,373,373,373,373,https://raw.githubusercontent.com/BirkhoffG/crowd_project/main/img/img_747.png,2.0
374,374,374,374,374,374,374,374,374,374,374,374,374,https://raw.githubusercontent.com/BirkhoffG/crowd_project/main/img/img_749.png,0.0
375,375,375,375,375,375,375,375,375,375,375,375,375,https://raw.githubusercontent.com/BirkhoffG/crowd_project/main/img/img_751.png,0.0
376,376,376,376,376,376,376,376,376,376,376,376,376,https://raw.githubusercontent.com/BirkhoffG/crowd_project/main/img/img_753.png,0.0
377,377,377,377,377,377,377,377,377,377,377,377,377,https://raw.githubusercontent.com/BirkhoffG/crowd_project/main/img/img_755.png,0.0
378,378,378,378,378,378,378,378,378,378,378,378,378,https://raw.githubusercontent.com/BirkhoffG/crowd_project/main/img/img_757.png,1.0
379,379,379,379,379,379,379,379,379,379,379,379,379,https://raw.githubusercontent.com/BirkhoffG/crowd_project/main/img/img_759.png,0.0
380,380,380,380,380,380,380,380,380,380,380,380,380,https://raw.githubusercontent.com/BirkhoffG/crowd_project/main/img/img_761.png,0.0
381,381,381,381,381,381,381,381,381,381,381,381,381,https://raw.githubusercontent.com/BirkhoffG/crowd_project/main/img/img_763.png,0.0
382,382,382,382,382,382,382,382,382,382,382,382,382,https://raw.githubusercontent.com/BirkhoffG/crowd_project/main/img/img_765.png,4.0
383,383,383,383,383,383,383,383,383,383,383,383,383,https://raw.githubusercontent.com/BirkhoffG/crowd_project/main/img/img_767.png,1.0
384,384,384,384,384,384,384,384,384,384,384,384,384,https://raw.githubusercontent.com/BirkhoffG/crowd_project/main/img/img_769.png,0.0
385,385,385,385,385,385,385,385,385,385,385,385,385,https://raw.githubusercontent.com/BirkhoffG/crowd_project/main/img/img_771.png,0.0
386,386,386,386,386,386,386,386,386,386,386,386,386,https://raw.githubusercontent.com/BirkhoffG/crowd_project/main/img/img_773.png,0.0
387,387,387,387,387,387,387,387,387,387,387,387,387,https://raw.githubusercontent.com/BirkhoffG/crowd_project/main/img/img_775.png,0.0
388,388,388,388,388,388,388,388,388,388,388,388,388,https://raw.githubusercontent.com/BirkhoffG/crowd_project/main/img/img_777.png,0.0
389,389,389,389,389,389,389,389,389,389,389,389,389,https://raw.githubusercontent.com/BirkhoffG/crowd_project/main/img/img_779.png,0.0
390,390,390,390,390,390,390,390,390,390,390,390,390,https://raw.githubusercontent.com/BirkhoffG/crowd_project/main/img/img_781.png,2.0
391,391,391,391,391,391,391,391,391,391,391,391,391,https://raw.githubusercontent.com/BirkhoffG/crowd_project/main/img/img_783.png,4.0
392,392,392,392,392,392,392,392,392,392,392,392,392,https://raw.githubusercontent.com/BirkhoffG/crowd_project/main/img/img_785.png,0.0
393,393,393,393,393,393,393,393,393,393,393,393,393,https://raw.githubusercontent.com/BirkhoffG/crowd_project/main/img/img_787.png,0.0
394,394,394,394,394,394,394,394,394,394,394,394,394,https://raw.githubusercontent.com/BirkhoffG/crowd_project/main/img/img_789.png,1.0
395,395,395,395,395,395,395,395,395,395,395,395,395,https://raw.githubusercontent.com/BirkhoffG/crowd_project/main/img/img_791.png,0.0
396,396,396,396,396,396,396,396,396,396,396,396,396,https://raw.githubusercontent.com/BirkhoffG/crowd_project/main/img/img_793.png,0.0
397,397,397,397,397,397,397,397,397,397,397,397,397,https://raw.githubusercontent.com/BirkhoffG/crowd_project/main/img/img_795.png,0.0
398,398,398,398,398,398,398,398,398,398,398,398,398,https://raw.githubusercontent.com/BirkhoffG/crowd_project/main/img/img_797.png,0.0
399,399,399,399,399,399,399,399,399,399,399,399,399,https://raw.githubusercontent.com/BirkhoffG/crowd_project/main/img/img_799.png,0.0
400,400,400,400,400,400,400,400,400,400,400,400,400,https://raw.githubusercontent.com/BirkhoffG/crowd_project/main/img/img_801.png,0.0
401,401,401,401,401,401,401,401,401,401,401,401,401,https://raw.githubusercontent.com/BirkhoffG/crowd_project/main/img/img_803.png,0.0
402,402,402,402,402,402,402,402,402,402,402,402,402,https://raw.githubusercontent.com/BirkhoffG/crowd_project/main/img/img_805.png,0.0
403,403,403,403,403,403,403,403,403,403,403,403,403,https://raw.githubusercontent.com/BirkhoffG/crowd_project/main/img/img_807.png,1.0
404,404,404,404,404,404,404,404,404,404,404,404,404,https://raw.githubusercontent.com/BirkhoffG/crowd_project/main/img/img_809.png,0.0
405,405,405,405,405,405,405,405,405,405,405,405,405,https://raw.githubusercontent.com/BirkhoffG/crowd_project/main/img/img_811.png,0.0
406,406,406,406,406,406,406,406,406,406,406,406,406,https://raw.githubusercontent.com/BirkhoffG/crowd_project/main/img/img_813.png,0.0
407,407,407,407,407,407,407,407,407,407,407,407,407,https://raw.githubusercontent.com/BirkhoffG/crowd_project/main/img/img_815.png,0.0
408,408,408,408,408,408,408,408,408,408,408,408,408,https://raw.githubusercontent.com/BirkhoffG/crowd_project/main/img/img_817.png,0.0
409,409,409,409,409,409,409,409,409,409,409,409,409,https://raw.githubusercontent.com/BirkhoffG/crowd_project/main/img/img_819.png,0.0
410,410,410,410,410,410,410,410,410,410,410,410,410,https://raw.githubusercontent.com/BirkhoffG/crowd_project/main/img/img_821.png,0.0
411,411,411,411,411,411,411,411,411,411,411,411,411,https://raw.githubusercontent.com/BirkhoffG/crowd_project/main/img/img_823.png,4.0
412,412,412,412,412,412,412,412,412,412,412,412,412,https://raw.githubusercontent.com/BirkhoffG/crowd_project/main/img/img_825.png,4.0
413,413,413,413,413,413,413,413,413,413,413,413,413,https://raw.githubusercontent.com/BirkhoffG/crowd_project/main/img/img_827.png,4.0
414,414,414,414,414,414,414,414,414,414,414,414,414,https://raw.githubusercontent.com/BirkhoffG/crowd_project/main/img/img_829.png,2.0
415,415,415,415,415,415,415,415,415,415,415,415,415,https://raw.githubusercontent.com/BirkhoffG/crowd_project/main/img/img_831.png,0.0
416,416,416,416,416,416,416,416,416,416,416,416,416,https://raw.githubusercontent.com/BirkhoffG/crowd_project/main/img/img_833.png,1.0
417,417,417,417,417,417,417,417,417,417,417,417,417,https://raw.githubusercontent.com/BirkhoffG/crowd_project/main/img/img_835.png,0.0
418,418,418,418,418,418,418,418,418,418,418,418,418,https://raw.githubusercontent.com/BirkhoffG/crowd_project/main/img/img_837.png,0.0
419,419,419,419,419,419,419,419,419,419,419,419,419,https://raw.githubusercontent.com/BirkhoffG/crowd_project/main/img/img_839.png,4.0
420,420,420,420,420,420,420,420,420,420,420,420,420,https://raw.githubusercontent.com/BirkhoffG/crowd_project/main/img/img_841.png,0.0
421,421,421,421,421,421,421,421,421,421,421,421,421,https://raw.githubusercontent.com/BirkhoffG/crowd_project/main/img/img_843.png,0.0
422,422,422,422,422,422,422,422,422,422,422,422,422,https://raw.githubusercontent.com/BirkhoffG/crowd_project/main/img/img_845.png,0.0
423,423,423,423,423,423,423,423,423,423,423,423,423,https://raw.githubusercontent.com/BirkhoffG/crowd_project/main/img/img_847.png,4.0
424,424,424,424,424,424,424,424,424,424,424,424,424,https://raw.githubusercontent.com/BirkhoffG/crowd_project/main/img/img_849.png,1.0
425,425,425,425,425,425,425,425,425,425,425,425,425,https://raw.githubusercontent.com/BirkhoffG/crowd_project/main/img/img_851.png,2.0
426,426,426,426,426,426,426,426,426,426,426,426,426,https://raw.githubusercontent.com/BirkhoffG/crowd_project/main/img/img_853.png,2.0
427,427,427,427,427,427,427,427,427,427,427,427,427,https://raw.githubusercontent.com/BirkhoffG/crowd_project/main/img/img_855.png,0.0
428,428,428,428,428,428,428,428,428,428,428,428,428,https://raw.githubusercontent.com/BirkhoffG/crowd_project/main/img/img_857.png,0.0
429,429,429,429,429,429,429,429,429,429,429,429,429,https://raw.githubusercontent.com/BirkhoffG/crowd_project/main/img/img_859.png,0.0
430,430,430,430,430,430,430,430,430,430,430,430,430,https://raw.githubusercontent.com/BirkhoffG/crowd_project/main/img/img_861.png,0.0
431,431,431,431,431,431,431,431,431,431,431,431,431,https://raw.githubusercontent.com/BirkhoffG/crowd_project/main/img/img_863.png,2.0
432,432,432,432,432,432,432,432,432,432,432,432,432,https://raw.githubusercontent.com/BirkhoffG/crowd_project/main/img/img_865.png,0.0
433,433,433,433,433,433,433,433,433,433,433,433,433,https://raw.githubusercontent.com/BirkhoffG/crowd_project/main/img/img_867.png,2.0
434,434,434,434,434,434,434,434,434,434,434,434,434,https://raw.githubusercontent.com/BirkhoffG/crowd_project/main/img/img_869.png,0.0
435,435,435,435,435,435,435,435,435,435,435,435,435,https://raw.githubusercontent.com/BirkhoffG/crowd_project/main/img/img_871.png,0.0
436,436,436,436,436,436,436,436,436,436,436,436,436,https://raw.githubusercontent.com/BirkhoffG/crowd_project/main/img/img_873.png,2.0
437,437,437,437,437,437,437,437,437,437,437,437,437,https://raw.githubusercontent.com/BirkhoffG/crowd_project/main/img/img_875.png,2.0
438,438,438,438,438,438,438,438,438,438,438,438,438,https://raw.githubusercontent.com/BirkhoffG/crowd_project/main/img/img_877.png,0.0
439,439,439,439,439,439,439,439,439,439,439,439,439,https://raw.githubusercontent.com/BirkhoffG/crowd_project/main/img/img_879.png,0.0
440,440,440,440,440,440,440,440,440,440,440,440,440,https://raw.githubusercontent.com/BirkhoffG/crowd_project/main/img/img_881.png,0.0
441,441,441,441,441,441,441,441,441,441,441,441,441,https://raw.githubusercontent.com/BirkhoffG/crowd_project/main/img/img_883.png,0.0
442,442,442,442,442,442,442,442,442,442,442,442,442,https://raw.githubusercontent.com/BirkhoffG/crowd_project/main/img/img_885.png,0.0
443,443,443,443,443,443,443,443,443,443,443,443,443,https://raw.githubusercontent.com/BirkhoffG/crowd_project/main/img/img_887.png,0.0
444,444,444,444,444,444,444,444,444,444,444,444,444,https://raw.githubusercontent.com/BirkhoffG/crowd_project/main/img/img_889.png,0.0
445,445,445,445,445,445,445,445,445,445,445,445,445,https://raw.githubusercontent.com/BirkhoffG/crowd_project/main/img/img_891.png,0.0
446,446,446,446,446,446,446,446,446,446,446,446,446,https://raw.githubusercontent.com/BirkhoffG/crowd_project/main/img/img_893.png,0.0
447,447,447,447,447,447,447,447,447,447,447,447,447,https://raw.githubusercontent.com/BirkhoffG/crowd_project/main/img/img_895.png,0.0
448,448,448,448,448,448,448,448,448,448,448,448,448,https://raw.githubusercontent.com/BirkhoffG/crowd_project/main/img/img_897.png,0.0
449,449,449,449,449,449,449,449,449,449,449,449,449,https://raw.githubusercontent.com/BirkhoffG/crowd_project/main/img/img_899.png,0.0
450,450,450,450,450,450,450,450,450,450,450,450,450,https://raw.githubusercontent.com/BirkhoffG/crowd_project/main/img/img_901.png,0.0
451,451,451,451,451,451,451,451,451,451,451,451,451,https://raw.githubusercontent.com/BirkhoffG/crowd_project/main/img/img_903.png,0.0
452,452,452,452,452,452,452,452,452,452,452,452,452,https://raw.githubusercontent.com/BirkhoffG/crowd_project/main/img/img_905.png,0.0
453,453,453,453,453,453,453,453,453,453,453,453,453,https://raw.githubusercontent.com/BirkhoffG/crowd_project/main/img/img_907.png,0.0
454,454,454,454,454,454,454,454,454,454,454,454,454,https://raw.githubusercontent.com/BirkhoffG/crowd_project/main/img/img_909.png,1.0
455,455,455,455,455,455,455,455,455,455,455,455,455,https://raw.githubusercontent.com/BirkhoffG/crowd_project/main/img/img_911.png,0.0
456,456,456,456,456,456,456,456,456,456,456,456,456,https://raw.githubusercontent.com/BirkhoffG/crowd_project/main/img/img_913.png,0.0
457,457,457,457,457,457,457,457,457,457,457,457,457,https://raw.githubusercontent.com/BirkhoffG/crowd_project/main/img/img_915.png,0.0
458,458,458,458,458,458,458,458,458,458,458,458,458,https://raw.githubusercontent.com/BirkhoffG/crowd_project/main/img/img_917.png,0.0
459,459,459,459,459,459,459,459,459,459,459,459,459,https://raw.githubusercontent.com/BirkhoffG/crowd_project/main/img/img_919.png,0.0
460,460,460,460,460,460,460,460,460,460,460,460,460,https://raw.githubusercontent.com/BirkhoffG/crowd_project/main/img/img_921.png,1.0
461,461,461,461,461,461,461,461,461,461,461,461,461,https://raw.githubusercontent.com/BirkhoffG/crowd_project/main/img/img_923.png,0.0
462,462,462,462,462,462,462,462,462,462,462,462,462,https://raw.githubusercontent.com/BirkhoffG/crowd_project/main/img/img_925.png,0.0
463,463,463,463,463,463,463,463,463,463,463,463,463,https://raw.githubusercontent.com/BirkhoffG/crowd_project/main/img/img_927.png,2.0
464,464,464,464,464,464,464,464,464,464,464,464,464,https://raw.githubusercontent.com/BirkhoffG/crowd_project/main/img/img_929.png,0.0
465,465,465,465,465,465,465,465,465,465,465,465,465,https://raw.githubusercontent.com/BirkhoffG/crowd_project/main/img/img_931.png,0.0
466,466,466,466,466,466,466,466,466,466,466,466,466,https://raw.githubusercontent.com/BirkhoffG/crowd_project/main/img/img_933.png,0.0
467,467,467,467,467,467,467,467,467,467,467,467,467,https://raw.githubusercontent.com/BirkhoffG/crowd_project/main/img/img_935.png,1.0
468,468,468,468,468,468,468,468,468,468,468,468,468,https://raw.githubusercontent.com/BirkhoffG/crowd_project/main/img/img_937.png,0.0
469,469,469,469,469,469,469,469,469,469,469,469,469,https://raw.githubusercontent.com/BirkhoffG/crowd_project/main/img/img_939.png,0.0
470,470,470,470,470,470,470,470,470,470,470,470,470,https://raw.githubusercontent.com/BirkhoffG/crowd_project/main/img/img_941.png,0.0
471,471,471,471,471,471,471,471,471,471,471,471,471,https://raw.githubusercontent.com/BirkhoffG/crowd_project/main/img/img_943.png,0.0
472,472,472,472,472,472,472,472,472,472,472,472,472,https://raw.githubusercontent.com/BirkhoffG/crowd_project/main/img/img_945.png,0.0
473,473,473,473,473,473,473,473,473,473,473,473,473,https://raw.githubusercontent.com/BirkhoffG/crowd_project/main/img/img_947.png,0.0
474,474,474,474,474,474,474,474,474,474,474,474,474,https://raw.githubusercontent.com/BirkhoffG/crowd_project/main/img/img_949.png,0.0
475,475,475,475,475,475,475,475,475,475,475,475,475,https://raw.githubusercontent.com/BirkhoffG/crowd_project/main/img/img_951.png,0.0
476,476,476,476,476,476,476,476,476,476,476,476,476,https://raw.githubusercontent.com/BirkhoffG/crowd_project/main/img/img_953.png,0.0
477,477,477,477,477,477,477,477,477,477,477,477,477,https://raw.githubusercontent.com/BirkhoffG/crowd_project/main/img/img_955.png,0
478,478,478,478,478,478,478,478,478,478,478,478,478,https://raw.githubusercontent.com/BirkhoffG/crowd_project/main/img/img_957.png,2
479,479,479,479,479,479,479,479,479,479,479,479,479,https://raw.githubusercontent.com/BirkhoffG/crowd_project/main/img/img_959.png,0
480,480,480,480,480,480,480,480,480,480,480,480,480,https://raw.githubusercontent.com/BirkhoffG/crowd_project/main/img/img_961.png,0
481,481,481,481,481,481,481,481,481,481,481,481,481,https://raw.githubusercontent.com/BirkhoffG/crowd_project/main/img/img_963.png,0
482,482,482,482,482,482,482,482,482,482,482,482,482,https://raw.githubusercontent.com/BirkhoffG/crowd_project/main/img/img_965.png,0
483,483,483,483,483,483,483,483,483,483,483,483,483,https://raw.githubusercontent.com/BirkhoffG/crowd_project/main/img/img_967.png,0
484,484,484,484,484,484,484,484,484,484,484,484,484,https://raw.githubusercontent.com/BirkhoffG/crowd_project/main/img/img_969.png,0
485,485,485,485,485,485,485,485,485,485,485,485,485,https://raw.githubusercontent.com/BirkhoffG/crowd_project/main/img/img_971.png,0
486,486,486,486,486,486,486,486,486,486,486,486,486,https://raw.githubusercontent.com/BirkhoffG/crowd_project/main/img/img_973.png,0
487,487,487,487,487,487,487,487,487,487,487,487,487,https://raw.githubusercontent.com/BirkhoffG/crowd_project/main/img/img_975.png,0
488,488,488,488,488,488,488,488,488,488,488,488,488,https://raw.githubusercontent.com/BirkhoffG/crowd_project/main/img/img_977.png,0
489,489,489,489,489,489,489,489,489,489,489,489,489,https://raw.githubusercontent.com/BirkhoffG/crowd_project/main/img/img_979.png,0
490,490,490,490,490,490,490,490,490,490,490,490,490,https://raw.githubusercontent.com/BirkhoffG/crowd_project/main/img/img_981.png,3
491,491,491,491,491,491,491,491,491,491,491,491,491,https://raw.githubusercontent.com/BirkhoffG/crowd_project/main/img/img_983.png,0
492,492,492,492,492,492,492,492,492,492,492,492,492,https://raw.githubusercontent.com/BirkhoffG/crowd_project/main/img/img_985.png,0
493,493,493,493,493,493,493,493,493,493,493,493,493,https://raw.githubusercontent.com/BirkhoffG/crowd_project/main/img/img_987.png,3
494,494,494,494,494,494,494,494,494,494,494,494,494,https://raw.githubusercontent.com/BirkhoffG/crowd_project/main/img/img_989.png,0
495,495,495,495,495,495,495,495,495,495,495,495,495,https://raw.githubusercontent.com/BirkhoffG/crowd_project/main/img/img_991.png,0
496,496,496,496,496,496,496,496,496,496,496,496,496,https://raw.githubusercontent.com/BirkhoffG/crowd_project/main/img/img_993.png,2
497,497,497,497,497,497,497,497,497,497,497,497,497,https://raw.githubusercontent.com/BirkhoffG/crowd_project/main/img/img_995.png,0
498,498,498,498,498,498,498,498,498,498,498,498,498,https://raw.githubusercontent.com/BirkhoffG/crowd_project/main/img/img_997.png,0
499,499,499,499,499,499,499,499,499,499,499,499,499,https://raw.githubusercontent.com/BirkhoffG/crowd_project/main/img/img_999.png,0
