https://raw.githubusercontent.com/BirkhoffG/crowd_project/main/true_face/00000.png,0
https://raw.githubusercontent.com/BirkhoffG/crowd_project/main/true_face/00001.png,0
https://raw.githubusercontent.com/BirkhoffG/crowd_project/main/true_face/00002.png,1
https://raw.githubusercontent.com/BirkhoffG/crowd_project/main/true_face/00003.png,0
https://raw.githubusercontent.com/BirkhoffG/crowd_project/main/true_face/00004.png,0
https://raw.githubusercontent.com/BirkhoffG/crowd_project/main/true_face/00005.png,0
https://raw.githubusercontent.com/BirkhoffG/crowd_project/main/true_face/00006.png,0
https://raw.githubusercontent.com/BirkhoffG/crowd_project/main/true_face/00007.png,0
https://raw.githubusercontent.com/BirkhoffG/crowd_project/main/true_face/00008.png,0
https://raw.githubusercontent.com/BirkhoffG/crowd_project/main/true_face/00009.png,0
https://raw.githubusercontent.com/BirkhoffG/crowd_project/main/true_face/00010.png,0
https://raw.githubusercontent.com/BirkhoffG/crowd_project/main/true_face/00011.png,0
https://raw.githubusercontent.com/BirkhoffG/crowd_project/main/true_face/00012.png,0
https://raw.githubusercontent.com/BirkhoffG/crowd_project/main/true_face/00013.png,0
https://raw.githubusercontent.com/BirkhoffG/crowd_project/main/true_face/00014.png,0
https://raw.githubusercontent.com/BirkhoffG/crowd_project/main/true_face/00015.png,0
https://raw.githubusercontent.com/BirkhoffG/crowd_project/main/true_face/00016.png,0
https://raw.githubusercontent.com/BirkhoffG/crowd_project/main/true_face/00017.png,1
https://raw.githubusercontent.com/BirkhoffG/crowd_project/main/true_face/00018.png,0
https://raw.githubusercontent.com/BirkhoffG/crowd_project/main/true_face/00019.png,0
https://raw.githubusercontent.com/BirkhoffG/crowd_project/main/true_face/00020.png,0
https://raw.githubusercontent.com/BirkhoffG/crowd_project/main/true_face/00021.png,0
https://raw.githubusercontent.com/BirkhoffG/crowd_project/main/true_face/00022.png,0
https://raw.githubusercontent.com/BirkhoffG/crowd_project/main/true_face/00023.png,0
https://raw.githubusercontent.com/BirkhoffG/crowd_project/main/true_face/00024.png,0
https://raw.githubusercontent.com/BirkhoffG/crowd_project/main/true_face/00025.png,0
https://raw.githubusercontent.com/BirkhoffG/crowd_project/main/true_face/00026.png,0
https://raw.githubusercontent.com/BirkhoffG/crowd_project/main/true_face/00027.png,0
https://raw.githubusercontent.com/BirkhoffG/crowd_project/main/true_face/00028.png,1
https://raw.githubusercontent.com/BirkhoffG/crowd_project/main/true_face/00029.png,0
https://raw.githubusercontent.com/BirkhoffG/crowd_project/main/true_face/00030.png,0
https://raw.githubusercontent.com/BirkhoffG/crowd_project/main/true_face/00031.png,0
https://raw.githubusercontent.com/BirkhoffG/crowd_project/main/true_face/00032.png,0
https://raw.githubusercontent.com/BirkhoffG/crowd_project/main/true_face/00033.png,0
https://raw.githubusercontent.com/BirkhoffG/crowd_project/main/true_face/00034.png,0
https://raw.githubusercontent.com/BirkhoffG/crowd_project/main/true_face/00035.png,0
https://raw.githubusercontent.com/BirkhoffG/crowd_project/main/true_face/00036.png,0
https://raw.githubusercontent.com/BirkhoffG/crowd_project/main/true_face/00037.png,0
https://raw.githubusercontent.com/BirkhoffG/crowd_project/main/true_face/00038.png,0
https://raw.githubusercontent.com/BirkhoffG/crowd_project/main/true_face/00039.png,0
https://raw.githubusercontent.com/BirkhoffG/crowd_project/main/true_face/00040.png,0
https://raw.githubusercontent.com/BirkhoffG/crowd_project/main/true_face/00041.png,0
https://raw.githubusercontent.com/BirkhoffG/crowd_project/main/true_face/00042.png,0
https://raw.githubusercontent.com/BirkhoffG/crowd_project/main/true_face/00043.png,0
https://raw.githubusercontent.com/BirkhoffG/crowd_project/main/true_face/00044.png,0
https://raw.githubusercontent.com/BirkhoffG/crowd_project/main/true_face/00045.png,0
https://raw.githubusercontent.com/BirkhoffG/crowd_project/main/true_face/00046.png,0
https://raw.githubusercontent.com/BirkhoffG/crowd_project/main/true_face/00047.png,0
https://raw.githubusercontent.com/BirkhoffG/crowd_project/main/true_face/00048.png,0
https://raw.githubusercontent.com/BirkhoffG/crowd_project/main/true_face/00049.png,0
https://raw.githubusercontent.com/BirkhoffG/crowd_project/main/true_face/00050.png,0
https://raw.githubusercontent.com/BirkhoffG/crowd_project/main/true_face/00051.png,0
https://raw.githubusercontent.com/BirkhoffG/crowd_project/main/true_face/00052.png,0
https://raw.githubusercontent.com/BirkhoffG/crowd_project/main/true_face/00053.png,0
https://raw.githubusercontent.com/BirkhoffG/crowd_project/main/true_face/00054.png,0
https://raw.githubusercontent.com/BirkhoffG/crowd_project/main/true_face/00055.png,0
https://raw.githubusercontent.com/BirkhoffG/crowd_project/main/true_face/00056.png,0
https://raw.githubusercontent.com/BirkhoffG/crowd_project/main/true_face/00057.png,0
https://raw.githubusercontent.com/BirkhoffG/crowd_project/main/true_face/00058.png,0
https://raw.githubusercontent.com/BirkhoffG/crowd_project/main/true_face/00059.png,0
https://raw.githubusercontent.com/BirkhoffG/crowd_project/main/true_face/00060.png,1
https://raw.githubusercontent.com/BirkhoffG/crowd_project/main/true_face/00061.png,0
https://raw.githubusercontent.com/BirkhoffG/crowd_project/main/true_face/00062.png,0
https://raw.githubusercontent.com/BirkhoffG/crowd_project/main/true_face/00063.png,0
https://raw.githubusercontent.com/BirkhoffG/crowd_project/main/true_face/00064.png,0
https://raw.githubusercontent.com/BirkhoffG/crowd_project/main/true_face/00065.png,0
https://raw.githubusercontent.com/BirkhoffG/crowd_project/main/true_face/00066.png,0
https://raw.githubusercontent.com/BirkhoffG/crowd_project/main/true_face/00067.png,0
https://raw.githubusercontent.com/BirkhoffG/crowd_project/main/true_face/00068.png,0
https://raw.githubusercontent.com/BirkhoffG/crowd_project/main/true_face/00069.png,0
https://raw.githubusercontent.com/BirkhoffG/crowd_project/main/true_face/00070.png,0
https://raw.githubusercontent.com/BirkhoffG/crowd_project/main/true_face/00071.png,0
https://raw.githubusercontent.com/BirkhoffG/crowd_project/main/true_face/00072.png,0
https://raw.githubusercontent.com/BirkhoffG/crowd_project/main/true_face/00073.png,0
https://raw.githubusercontent.com/BirkhoffG/crowd_project/main/true_face/00074.png,0
https://raw.githubusercontent.com/BirkhoffG/crowd_project/main/true_face/00075.png,0
https://raw.githubusercontent.com/BirkhoffG/crowd_project/main/true_face/00076.png,0
https://raw.githubusercontent.com/BirkhoffG/crowd_project/main/true_face/00077.png,0
https://raw.githubusercontent.com/BirkhoffG/crowd_project/main/true_face/00078.png,0
https://raw.githubusercontent.com/BirkhoffG/crowd_project/main/true_face/00079.png,0
https://raw.githubusercontent.com/BirkhoffG/crowd_project/main/true_face/00080.png,0
https://raw.githubusercontent.com/BirkhoffG/crowd_project/main/true_face/00081.png,0
https://raw.githubusercontent.com/BirkhoffG/crowd_project/main/true_face/00082.png,0
https://raw.githubusercontent.com/BirkhoffG/crowd_project/main/true_face/00083.png,0
https://raw.githubusercontent.com/BirkhoffG/crowd_project/main/true_face/00084.png,0
https://raw.githubusercontent.com/BirkhoffG/crowd_project/main/true_face/00085.png,0
https://raw.githubusercontent.com/BirkhoffG/crowd_project/main/true_face/00086.png,0
https://raw.githubusercontent.com/BirkhoffG/crowd_project/main/true_face/00087.png,0
https://raw.githubusercontent.com/BirkhoffG/crowd_project/main/true_face/00088.png,0
https://raw.githubusercontent.com/BirkhoffG/crowd_project/main/true_face/00089.png,0
https://raw.githubusercontent.com/BirkhoffG/crowd_project/main/true_face/00090.png,0
https://raw.githubusercontent.com/BirkhoffG/crowd_project/main/true_face/00091.png,0
https://raw.githubusercontent.com/BirkhoffG/crowd_project/main/true_face/00092.png,0
https://raw.githubusercontent.com/BirkhoffG/crowd_project/main/true_face/00093.png,0
https://raw.githubusercontent.com/BirkhoffG/crowd_project/main/true_face/00094.png,0
https://raw.githubusercontent.com/BirkhoffG/crowd_project/main/true_face/00095.png,0
https://raw.githubusercontent.com/BirkhoffG/crowd_project/main/true_face/00096.png,0
https://raw.githubusercontent.com/BirkhoffG/crowd_project/main/true_face/00097.png,0
https://raw.githubusercontent.com/BirkhoffG/crowd_project/main/true_face/00098.png,0
https://raw.githubusercontent.com/BirkhoffG/crowd_project/main/true_face/00099.png,0
https://raw.githubusercontent.com/BirkhoffG/crowd_project/main/true_face/00100.png,0
https://raw.githubusercontent.com/BirkhoffG/crowd_project/main/true_face/00101.png,0
https://raw.githubusercontent.com/BirkhoffG/crowd_project/main/true_face/00102.png,0
https://raw.githubusercontent.com/BirkhoffG/crowd_project/main/true_face/00103.png,1
https://raw.githubusercontent.com/BirkhoffG/crowd_project/main/true_face/00104.png,0
https://raw.githubusercontent.com/BirkhoffG/crowd_project/main/true_face/00105.png,0
https://raw.githubusercontent.com/BirkhoffG/crowd_project/main/true_face/00106.png,0
https://raw.githubusercontent.com/BirkhoffG/crowd_project/main/true_face/00107.png,0
https://raw.githubusercontent.com/BirkhoffG/crowd_project/main/true_face/00108.png,0
https://raw.githubusercontent.com/BirkhoffG/crowd_project/main/true_face/00109.png,0
https://raw.githubusercontent.com/BirkhoffG/crowd_project/main/true_face/00110.png,0
https://raw.githubusercontent.com/BirkhoffG/crowd_project/main/true_face/00111.png,0
https://raw.githubusercontent.com/BirkhoffG/crowd_project/main/true_face/00112.png,1
https://raw.githubusercontent.com/BirkhoffG/crowd_project/main/true_face/00113.png,0
https://raw.githubusercontent.com/BirkhoffG/crowd_project/main/true_face/00114.png,0
https://raw.githubusercontent.com/BirkhoffG/crowd_project/main/true_face/00115.png,0
https://raw.githubusercontent.com/BirkhoffG/crowd_project/main/true_face/00116.png,1
https://raw.githubusercontent.com/BirkhoffG/crowd_project/main/true_face/00117.png,0
https://raw.githubusercontent.com/BirkhoffG/crowd_project/main/true_face/00118.png,0
https://raw.githubusercontent.com/BirkhoffG/crowd_project/main/true_face/00119.png,0
https://raw.githubusercontent.com/BirkhoffG/crowd_project/main/true_face/00120.png,0
https://raw.githubusercontent.com/BirkhoffG/crowd_project/main/true_face/00121.png,0
https://raw.githubusercontent.com/BirkhoffG/crowd_project/main/true_face/00122.png,0
https://raw.githubusercontent.com/BirkhoffG/crowd_project/main/true_face/00123.png,0
https://raw.githubusercontent.com/BirkhoffG/crowd_project/main/true_face/00124.png,0
https://raw.githubusercontent.com/BirkhoffG/crowd_project/main/true_face/00125.png,0
https://raw.githubusercontent.com/BirkhoffG/crowd_project/main/true_face/00126.png,0
https://raw.githubusercontent.com/BirkhoffG/crowd_project/main/true_face/00127.png,0
https://raw.githubusercontent.com/BirkhoffG/crowd_project/main/true_face/00128.png,0
https://raw.githubusercontent.com/BirkhoffG/crowd_project/main/true_face/00129.png,0
https://raw.githubusercontent.com/BirkhoffG/crowd_project/main/true_face/00130.png,0
https://raw.githubusercontent.com/BirkhoffG/crowd_project/main/true_face/00131.png,0
https://raw.githubusercontent.com/BirkhoffG/crowd_project/main/true_face/00132.png,0
https://raw.githubusercontent.com/BirkhoffG/crowd_project/main/true_face/00133.png,0
https://raw.githubusercontent.com/BirkhoffG/crowd_project/main/true_face/00134.png,0
https://raw.githubusercontent.com/BirkhoffG/crowd_project/main/true_face/00135.png,0
https://raw.githubusercontent.com/BirkhoffG/crowd_project/main/true_face/00136.png,0
https://raw.githubusercontent.com/BirkhoffG/crowd_project/main/true_face/00137.png,0
https://raw.githubusercontent.com/BirkhoffG/crowd_project/main/true_face/00138.png,0
https://raw.githubusercontent.com/BirkhoffG/crowd_project/main/true_face/00139.png,0
https://raw.githubusercontent.com/BirkhoffG/crowd_project/main/true_face/00140.png,0
https://raw.githubusercontent.com/BirkhoffG/crowd_project/main/true_face/00141.png,0
https://raw.githubusercontent.com/BirkhoffG/crowd_project/main/true_face/00142.png,0
https://raw.githubusercontent.com/BirkhoffG/crowd_project/main/true_face/00143.png,0
https://raw.githubusercontent.com/BirkhoffG/crowd_project/main/true_face/00144.png,0
https://raw.githubusercontent.com/BirkhoffG/crowd_project/main/true_face/00145.png,1
https://raw.githubusercontent.com/BirkhoffG/crowd_project/main/true_face/00146.png,0
https://raw.githubusercontent.com/BirkhoffG/crowd_project/main/true_face/00147.png,0
https://raw.githubusercontent.com/BirkhoffG/crowd_project/main/true_face/00148.png,0
https://raw.githubusercontent.com/BirkhoffG/crowd_project/main/true_face/00149.png,0
https://raw.githubusercontent.com/BirkhoffG/crowd_project/main/true_face/00150.png,0
https://raw.githubusercontent.com/BirkhoffG/crowd_project/main/true_face/00151.png,0
https://raw.githubusercontent.com/BirkhoffG/crowd_project/main/true_face/00152.png,0
https://raw.githubusercontent.com/BirkhoffG/crowd_project/main/true_face/00153.png,0
https://raw.githubusercontent.com/BirkhoffG/crowd_project/main/true_face/00154.png,0
https://raw.githubusercontent.com/BirkhoffG/crowd_project/main/true_face/00155.png,0
https://raw.githubusercontent.com/BirkhoffG/crowd_project/main/true_face/00156.png,0
https://raw.githubusercontent.com/BirkhoffG/crowd_project/main/true_face/00157.png,0
https://raw.githubusercontent.com/BirkhoffG/crowd_project/main/true_face/00158.png,0
https://raw.githubusercontent.com/BirkhoffG/crowd_project/main/true_face/00159.png,0
https://raw.githubusercontent.com/BirkhoffG/crowd_project/main/true_face/00160.png,0
https://raw.githubusercontent.com/BirkhoffG/crowd_project/main/true_face/00161.png,0
https://raw.githubusercontent.com/BirkhoffG/crowd_project/main/true_face/00162.png,0
https://raw.githubusercontent.com/BirkhoffG/crowd_project/main/true_face/00163.png,0
https://raw.githubusercontent.com/BirkhoffG/crowd_project/main/true_face/00164.png,0
https://raw.githubusercontent.com/BirkhoffG/crowd_project/main/true_face/00165.png,0
https://raw.githubusercontent.com/BirkhoffG/crowd_project/main/true_face/00166.png,0
https://raw.githubusercontent.com/BirkhoffG/crowd_project/main/true_face/00167.png,0
https://raw.githubusercontent.com/BirkhoffG/crowd_project/main/true_face/00168.png,0
https://raw.githubusercontent.com/BirkhoffG/crowd_project/main/true_face/00169.png,0
https://raw.githubusercontent.com/BirkhoffG/crowd_project/main/true_face/00170.png,0
https://raw.githubusercontent.com/BirkhoffG/crowd_project/main/true_face/00171.png,0
https://raw.githubusercontent.com/BirkhoffG/crowd_project/main/true_face/00172.png,0
https://raw.githubusercontent.com/BirkhoffG/crowd_project/main/true_face/00173.png,0
https://raw.githubusercontent.com/BirkhoffG/crowd_project/main/true_face/00174.png,0
https://raw.githubusercontent.com/BirkhoffG/crowd_project/main/true_face/00175.png,0
https://raw.githubusercontent.com/BirkhoffG/crowd_project/main/true_face/00176.png,0
https://raw.githubusercontent.com/BirkhoffG/crowd_project/main/true_face/00177.png,0
https://raw.githubusercontent.com/BirkhoffG/crowd_project/main/true_face/00178.png,0
https://raw.githubusercontent.com/BirkhoffG/crowd_project/main/true_face/00179.png,0
https://raw.githubusercontent.com/BirkhoffG/crowd_project/main/true_face/00180.png,1
https://raw.githubusercontent.com/BirkhoffG/crowd_project/main/true_face/00181.png,0
https://raw.githubusercontent.com/BirkhoffG/crowd_project/main/true_face/00182.png,0
https://raw.githubusercontent.com/BirkhoffG/crowd_project/main/true_face/00183.png,1
https://raw.githubusercontent.com/BirkhoffG/crowd_project/main/true_face/00184.png,0
https://raw.githubusercontent.com/BirkhoffG/crowd_project/main/true_face/00185.png,0
https://raw.githubusercontent.com/BirkhoffG/crowd_project/main/true_face/00186.png,0
https://raw.githubusercontent.com/BirkhoffG/crowd_project/main/true_face/00187.png,0
https://raw.githubusercontent.com/BirkhoffG/crowd_project/main/true_face/00188.png,0
https://raw.githubusercontent.com/BirkhoffG/crowd_project/main/true_face/00189.png,0
https://raw.githubusercontent.com/BirkhoffG/crowd_project/main/true_face/00190.png,0
https://raw.githubusercontent.com/BirkhoffG/crowd_project/main/true_face/00191.png,0
https://raw.githubusercontent.com/BirkhoffG/crowd_project/main/true_face/00192.png,0
https://raw.githubusercontent.com/BirkhoffG/crowd_project/main/true_face/00193.png,0
https://raw.githubusercontent.com/BirkhoffG/crowd_project/main/true_face/00194.png,0
https://raw.githubusercontent.com/BirkhoffG/crowd_project/main/true_face/00195.png,1
https://raw.githubusercontent.com/BirkhoffG/crowd_project/main/true_face/00196.png,0
https://raw.githubusercontent.com/BirkhoffG/crowd_project/main/true_face/00197.png,0
https://raw.githubusercontent.com/BirkhoffG/crowd_project/main/true_face/00198.png,1
https://raw.githubusercontent.com/BirkhoffG/crowd_project/main/true_face/00199.png,1
https://raw.githubusercontent.com/BirkhoffG/crowd_project/main/true_face/00200.png,0
https://raw.githubusercontent.com/BirkhoffG/crowd_project/main/true_face/00201.png,0
https://raw.githubusercontent.com/BirkhoffG/crowd_project/main/true_face/00202.png,0
https://raw.githubusercontent.com/BirkhoffG/crowd_project/main/true_face/00203.png,0
https://raw.githubusercontent.com/BirkhoffG/crowd_project/main/true_face/00204.png,0
https://raw.githubusercontent.com/BirkhoffG/crowd_project/main/true_face/00205.png,0
https://raw.githubusercontent.com/BirkhoffG/crowd_project/main/true_face/00206.png,0
https://raw.githubusercontent.com/BirkhoffG/crowd_project/main/true_face/00207.png,0
https://raw.githubusercontent.com/BirkhoffG/crowd_project/main/true_face/00208.png,0
https://raw.githubusercontent.com/BirkhoffG/crowd_project/main/true_face/00209.png,0
https://raw.githubusercontent.com/BirkhoffG/crowd_project/main/true_face/00210.png,0
https://raw.githubusercontent.com/BirkhoffG/crowd_project/main/true_face/00211.png,0
https://raw.githubusercontent.com/BirkhoffG/crowd_project/main/true_face/00212.png,0
https://raw.githubusercontent.com/BirkhoffG/crowd_project/main/true_face/00213.png,0
https://raw.githubusercontent.com/BirkhoffG/crowd_project/main/true_face/00214.png,0
https://raw.githubusercontent.com/BirkhoffG/crowd_project/main/true_face/00215.png,0
https://raw.githubusercontent.com/BirkhoffG/crowd_project/main/true_face/00216.png,0
https://raw.githubusercontent.com/BirkhoffG/crowd_project/main/true_face/00217.png,0
https://raw.githubusercontent.com/BirkhoffG/crowd_project/main/true_face/00218.png,0
https://raw.githubusercontent.com/BirkhoffG/crowd_project/main/true_face/00219.png,0
https://raw.githubusercontent.com/BirkhoffG/crowd_project/main/true_face/00220.png,0
https://raw.githubusercontent.com/BirkhoffG/crowd_project/main/true_face/00221.png,0
https://raw.githubusercontent.com/BirkhoffG/crowd_project/main/true_face/00222.png,0
https://raw.githubusercontent.com/BirkhoffG/crowd_project/main/true_face/00223.png,0
https://raw.githubusercontent.com/BirkhoffG/crowd_project/main/true_face/00224.png,0
https://raw.githubusercontent.com/BirkhoffG/crowd_project/main/true_face/00225.png,0
https://raw.githubusercontent.com/BirkhoffG/crowd_project/main/true_face/00226.png,0
https://raw.githubusercontent.com/BirkhoffG/crowd_project/main/true_face/00227.png,0
https://raw.githubusercontent.com/BirkhoffG/crowd_project/main/true_face/00228.png,0
https://raw.githubusercontent.com/BirkhoffG/crowd_project/main/true_face/00229.png,0
https://raw.githubusercontent.com/BirkhoffG/crowd_project/main/true_face/00230.png,0
https://raw.githubusercontent.com/BirkhoffG/crowd_project/main/true_face/00231.png,0
https://raw.githubusercontent.com/BirkhoffG/crowd_project/main/true_face/00232.png,0
https://raw.githubusercontent.com/BirkhoffG/crowd_project/main/true_face/00233.png,0
https://raw.githubusercontent.com/BirkhoffG/crowd_project/main/true_face/00234.png,0
https://raw.githubusercontent.com/BirkhoffG/crowd_project/main/true_face/00235.png,0
https://raw.githubusercontent.com/BirkhoffG/crowd_project/main/true_face/00236.png,0
https://raw.githubusercontent.com/BirkhoffG/crowd_project/main/true_face/00237.png,0
https://raw.githubusercontent.com/BirkhoffG/crowd_project/main/true_face/00238.png,0
https://raw.githubusercontent.com/BirkhoffG/crowd_project/main/true_face/00239.png,0
https://raw.githubusercontent.com/BirkhoffG/crowd_project/main/true_face/00240.png,0
https://raw.githubusercontent.com/BirkhoffG/crowd_project/main/true_face/00241.png,0
https://raw.githubusercontent.com/BirkhoffG/crowd_project/main/true_face/00242.png,0
https://raw.githubusercontent.com/BirkhoffG/crowd_project/main/true_face/00243.png,0
https://raw.githubusercontent.com/BirkhoffG/crowd_project/main/true_face/00244.png,0
https://raw.githubusercontent.com/BirkhoffG/crowd_project/main/true_face/00245.png,0
https://raw.githubusercontent.com/BirkhoffG/crowd_project/main/true_face/00246.png,0
https://raw.githubusercontent.com/BirkhoffG/crowd_project/main/true_face/00247.png,0
https://raw.githubusercontent.com/BirkhoffG/crowd_project/main/true_face/00248.png,0
https://raw.githubusercontent.com/BirkhoffG/crowd_project/main/true_face/00249.png,0
https://raw.githubusercontent.com/BirkhoffG/crowd_project/main/true_face/00250.png,0
https://raw.githubusercontent.com/BirkhoffG/crowd_project/main/true_face/00251.png,0
https://raw.githubusercontent.com/BirkhoffG/crowd_project/main/true_face/00252.png,0
https://raw.githubusercontent.com/BirkhoffG/crowd_project/main/true_face/00253.png,1
https://raw.githubusercontent.com/BirkhoffG/crowd_project/main/true_face/00254.png,0
https://raw.githubusercontent.com/BirkhoffG/crowd_project/main/true_face/00255.png,0
https://raw.githubusercontent.com/BirkhoffG/crowd_project/main/true_face/00256.png,0
https://raw.githubusercontent.com/BirkhoffG/crowd_project/main/true_face/00257.png,0
https://raw.githubusercontent.com/BirkhoffG/crowd_project/main/true_face/00258.png,0
https://raw.githubusercontent.com/BirkhoffG/crowd_project/main/true_face/00259.png,0
https://raw.githubusercontent.com/BirkhoffG/crowd_project/main/true_face/00260.png,0
https://raw.githubusercontent.com/BirkhoffG/crowd_project/main/true_face/00261.png,0
https://raw.githubusercontent.com/BirkhoffG/crowd_project/main/true_face/00262.png,0
https://raw.githubusercontent.com/BirkhoffG/crowd_project/main/true_face/00263.png,0
https://raw.githubusercontent.com/BirkhoffG/crowd_project/main/true_face/00264.png,0
https://raw.githubusercontent.com/BirkhoffG/crowd_project/main/true_face/00265.png,1
https://raw.githubusercontent.com/BirkhoffG/crowd_project/main/true_face/00266.png,0
https://raw.githubusercontent.com/BirkhoffG/crowd_project/main/true_face/00267.png,0
https://raw.githubusercontent.com/BirkhoffG/crowd_project/main/true_face/00268.png,0
https://raw.githubusercontent.com/BirkhoffG/crowd_project/main/true_face/00269.png,1
https://raw.githubusercontent.com/BirkhoffG/crowd_project/main/true_face/00270.png,0
https://raw.githubusercontent.com/BirkhoffG/crowd_project/main/true_face/00271.png,0
https://raw.githubusercontent.com/BirkhoffG/crowd_project/main/true_face/00272.png,0
https://raw.githubusercontent.com/BirkhoffG/crowd_project/main/true_face/00273.png,0
https://raw.githubusercontent.com/BirkhoffG/crowd_project/main/true_face/00274.png,0
https://raw.githubusercontent.com/BirkhoffG/crowd_project/main/true_face/00275.png,0
https://raw.githubusercontent.com/BirkhoffG/crowd_project/main/true_face/00276.png,0
https://raw.githubusercontent.com/BirkhoffG/crowd_project/main/true_face/00277.png,0
https://raw.githubusercontent.com/BirkhoffG/crowd_project/main/true_face/00278.png,0
https://raw.githubusercontent.com/BirkhoffG/crowd_project/main/true_face/00279.png,0
https://raw.githubusercontent.com/BirkhoffG/crowd_project/main/true_face/00280.png,0
https://raw.githubusercontent.com/BirkhoffG/crowd_project/main/true_face/00281.png,0
https://raw.githubusercontent.com/BirkhoffG/crowd_project/main/true_face/00282.png,0
https://raw.githubusercontent.com/BirkhoffG/crowd_project/main/true_face/00283.png,0
https://raw.githubusercontent.com/BirkhoffG/crowd_project/main/true_face/00284.png,0
https://raw.githubusercontent.com/BirkhoffG/crowd_project/main/true_face/00285.png,0
https://raw.githubusercontent.com/BirkhoffG/crowd_project/main/true_face/00286.png,0
https://raw.githubusercontent.com/BirkhoffG/crowd_project/main/true_face/00287.png,0
https://raw.githubusercontent.com/BirkhoffG/crowd_project/main/true_face/00288.png,0
https://raw.githubusercontent.com/BirkhoffG/crowd_project/main/true_face/00289.png,0
https://raw.githubusercontent.com/BirkhoffG/crowd_project/main/true_face/00290.png,0
https://raw.githubusercontent.com/BirkhoffG/crowd_project/main/true_face/00291.png,0
https://raw.githubusercontent.com/BirkhoffG/crowd_project/main/true_face/00292.png,0
https://raw.githubusercontent.com/BirkhoffG/crowd_project/main/true_face/00293.png,1
https://raw.githubusercontent.com/BirkhoffG/crowd_project/main/true_face/00294.png,0
https://raw.githubusercontent.com/BirkhoffG/crowd_project/main/true_face/00295.png,0
https://raw.githubusercontent.com/BirkhoffG/crowd_project/main/true_face/00296.png,0
https://raw.githubusercontent.com/BirkhoffG/crowd_project/main/true_face/00297.png,0
https://raw.githubusercontent.com/BirkhoffG/crowd_project/main/true_face/00298.png,0
https://raw.githubusercontent.com/BirkhoffG/crowd_project/main/true_face/00299.png,0
https://raw.githubusercontent.com/BirkhoffG/crowd_project/main/true_face/00300.png,0
https://raw.githubusercontent.com/BirkhoffG/crowd_project/main/true_face/00301.png,0
https://raw.githubusercontent.com/BirkhoffG/crowd_project/main/true_face/00302.png,0
https://raw.githubusercontent.com/BirkhoffG/crowd_project/main/true_face/00303.png,0
https://raw.githubusercontent.com/BirkhoffG/crowd_project/main/true_face/00304.png,1
https://raw.githubusercontent.com/BirkhoffG/crowd_project/main/true_face/00305.png,0
https://raw.githubusercontent.com/BirkhoffG/crowd_project/main/true_face/00306.png,0
https://raw.githubusercontent.com/BirkhoffG/crowd_project/main/true_face/00307.png,0
https://raw.githubusercontent.com/BirkhoffG/crowd_project/main/true_face/00308.png,0
https://raw.githubusercontent.com/BirkhoffG/crowd_project/main/true_face/00309.png,0
https://raw.githubusercontent.com/BirkhoffG/crowd_project/main/true_face/00310.png,0
https://raw.githubusercontent.com/BirkhoffG/crowd_project/main/true_face/00311.png,0
https://raw.githubusercontent.com/BirkhoffG/crowd_project/main/true_face/00312.png,0
https://raw.githubusercontent.com/BirkhoffG/crowd_project/main/true_face/00313.png,0
https://raw.githubusercontent.com/BirkhoffG/crowd_project/main/true_face/00314.png,0
https://raw.githubusercontent.com/BirkhoffG/crowd_project/main/true_face/00315.png,0
https://raw.githubusercontent.com/BirkhoffG/crowd_project/main/true_face/00316.png,0
https://raw.githubusercontent.com/BirkhoffG/crowd_project/main/true_face/00317.png,1
https://raw.githubusercontent.com/BirkhoffG/crowd_project/main/true_face/00318.png,0
https://raw.githubusercontent.com/BirkhoffG/crowd_project/main/true_face/00319.png,0
https://raw.githubusercontent.com/BirkhoffG/crowd_project/main/true_face/00320.png,0
https://raw.githubusercontent.com/BirkhoffG/crowd_project/main/true_face/00321.png,0
https://raw.githubusercontent.com/BirkhoffG/crowd_project/main/true_face/00322.png,1
https://raw.githubusercontent.com/BirkhoffG/crowd_project/main/true_face/00323.png,0
https://raw.githubusercontent.com/BirkhoffG/crowd_project/main/true_face/00324.png,1
https://raw.githubusercontent.com/BirkhoffG/crowd_project/main/true_face/00325.png,0
https://raw.githubusercontent.com/BirkhoffG/crowd_project/main/true_face/00326.png,0
https://raw.githubusercontent.com/BirkhoffG/crowd_project/main/true_face/00327.png,0
https://raw.githubusercontent.com/BirkhoffG/crowd_project/main/true_face/00328.png,0
https://raw.githubusercontent.com/BirkhoffG/crowd_project/main/true_face/00329.png,0
https://raw.githubusercontent.com/BirkhoffG/crowd_project/main/true_face/00330.png,0
https://raw.githubusercontent.com/BirkhoffG/crowd_project/main/true_face/00331.png,0
https://raw.githubusercontent.com/BirkhoffG/crowd_project/main/true_face/00332.png,0
https://raw.githubusercontent.com/BirkhoffG/crowd_project/main/true_face/00333.png,0
https://raw.githubusercontent.com/BirkhoffG/crowd_project/main/true_face/00334.png,0
https://raw.githubusercontent.com/BirkhoffG/crowd_project/main/true_face/00335.png,0
https://raw.githubusercontent.com/BirkhoffG/crowd_project/main/true_face/00336.png,0
https://raw.githubusercontent.com/BirkhoffG/crowd_project/main/true_face/00337.png,0
https://raw.githubusercontent.com/BirkhoffG/crowd_project/main/true_face/00338.png,0
https://raw.githubusercontent.com/BirkhoffG/crowd_project/main/true_face/00339.png,0
https://raw.githubusercontent.com/BirkhoffG/crowd_project/main/true_face/00340.png,0
https://raw.githubusercontent.com/BirkhoffG/crowd_project/main/true_face/00341.png,0
https://raw.githubusercontent.com/BirkhoffG/crowd_project/main/true_face/00342.png,0
https://raw.githubusercontent.com/BirkhoffG/crowd_project/main/true_face/00343.png,1
https://raw.githubusercontent.com/BirkhoffG/crowd_project/main/true_face/00344.png,0
https://raw.githubusercontent.com/BirkhoffG/crowd_project/main/true_face/00345.png,0
https://raw.githubusercontent.com/BirkhoffG/crowd_project/main/true_face/00346.png,0
https://raw.githubusercontent.com/BirkhoffG/crowd_project/main/true_face/00347.png,0
https://raw.githubusercontent.com/BirkhoffG/crowd_project/main/true_face/00348.png,0
https://raw.githubusercontent.com/BirkhoffG/crowd_project/main/true_face/00349.png,0
https://raw.githubusercontent.com/BirkhoffG/crowd_project/main/true_face/00350.png,0
https://raw.githubusercontent.com/BirkhoffG/crowd_project/main/true_face/00351.png,1
https://raw.githubusercontent.com/BirkhoffG/crowd_project/main/true_face/00352.png,0
https://raw.githubusercontent.com/BirkhoffG/crowd_project/main/true_face/00353.png,0
https://raw.githubusercontent.com/BirkhoffG/crowd_project/main/true_face/00354.png,1
https://raw.githubusercontent.com/BirkhoffG/crowd_project/main/true_face/00355.png,0
https://raw.githubusercontent.com/BirkhoffG/crowd_project/main/true_face/00356.png,0
https://raw.githubusercontent.com/BirkhoffG/crowd_project/main/true_face/00357.png,0
https://raw.githubusercontent.com/BirkhoffG/crowd_project/main/true_face/00358.png,1
https://raw.githubusercontent.com/BirkhoffG/crowd_project/main/true_face/00359.png,0
https://raw.githubusercontent.com/BirkhoffG/crowd_project/main/true_face/00360.png,0
https://raw.githubusercontent.com/BirkhoffG/crowd_project/main/true_face/00361.png,1
https://raw.githubusercontent.com/BirkhoffG/crowd_project/main/true_face/00362.png,0
https://raw.githubusercontent.com/BirkhoffG/crowd_project/main/true_face/00363.png,0
https://raw.githubusercontent.com/BirkhoffG/crowd_project/main/true_face/00364.png,0
https://raw.githubusercontent.com/BirkhoffG/crowd_project/main/true_face/00365.png,0
https://raw.githubusercontent.com/BirkhoffG/crowd_project/main/true_face/00366.png,0
https://raw.githubusercontent.com/BirkhoffG/crowd_project/main/true_face/00367.png,0
https://raw.githubusercontent.com/BirkhoffG/crowd_project/main/true_face/00368.png,0
https://raw.githubusercontent.com/BirkhoffG/crowd_project/main/true_face/00369.png,1
https://raw.githubusercontent.com/BirkhoffG/crowd_project/main/true_face/00370.png,0
https://raw.githubusercontent.com/BirkhoffG/crowd_project/main/true_face/00371.png,1
https://raw.githubusercontent.com/BirkhoffG/crowd_project/main/true_face/00372.png,0
https://raw.githubusercontent.com/BirkhoffG/crowd_project/main/true_face/00373.png,0
https://raw.githubusercontent.com/BirkhoffG/crowd_project/main/true_face/00374.png,0
https://raw.githubusercontent.com/BirkhoffG/crowd_project/main/true_face/00375.png,1
https://raw.githubusercontent.com/BirkhoffG/crowd_project/main/true_face/00376.png,0
https://raw.githubusercontent.com/BirkhoffG/crowd_project/main/true_face/00377.png,0
https://raw.githubusercontent.com/BirkhoffG/crowd_project/main/true_face/00378.png,0
https://raw.githubusercontent.com/BirkhoffG/crowd_project/main/true_face/00379.png,0
https://raw.githubusercontent.com/BirkhoffG/crowd_project/main/true_face/00380.png,0
https://raw.githubusercontent.com/BirkhoffG/crowd_project/main/true_face/00381.png,0
https://raw.githubusercontent.com/BirkhoffG/crowd_project/main/true_face/00382.png,0
https://raw.githubusercontent.com/BirkhoffG/crowd_project/main/true_face/00383.png,0
https://raw.githubusercontent.com/BirkhoffG/crowd_project/main/true_face/00384.png,0
https://raw.githubusercontent.com/BirkhoffG/crowd_project/main/true_face/00385.png,0
https://raw.githubusercontent.com/BirkhoffG/crowd_project/main/true_face/00386.png,0
https://raw.githubusercontent.com/BirkhoffG/crowd_project/main/true_face/00387.png,1
https://raw.githubusercontent.com/BirkhoffG/crowd_project/main/true_face/00388.png,0
https://raw.githubusercontent.com/BirkhoffG/crowd_project/main/true_face/00389.png,0
https://raw.githubusercontent.com/BirkhoffG/crowd_project/main/true_face/00390.png,0
https://raw.githubusercontent.com/BirkhoffG/crowd_project/main/true_face/00391.png,0
https://raw.githubusercontent.com/BirkhoffG/crowd_project/main/true_face/00392.png,0
https://raw.githubusercontent.com/BirkhoffG/crowd_project/main/true_face/00393.png,0
https://raw.githubusercontent.com/BirkhoffG/crowd_project/main/true_face/00394.png,1
https://raw.githubusercontent.com/BirkhoffG/crowd_project/main/true_face/00395.png,0
https://raw.githubusercontent.com/BirkhoffG/crowd_project/main/true_face/00396.png,0
https://raw.githubusercontent.com/BirkhoffG/crowd_project/main/true_face/00397.png,0
https://raw.githubusercontent.com/BirkhoffG/crowd_project/main/true_face/00398.png,0
https://raw.githubusercontent.com/BirkhoffG/crowd_project/main/true_face/00399.png,0
https://raw.githubusercontent.com/BirkhoffG/crowd_project/main/true_face/00400.png,0
https://raw.githubusercontent.com/BirkhoffG/crowd_project/main/true_face/00401.png,0
https://raw.githubusercontent.com/BirkhoffG/crowd_project/main/true_face/00402.png,0
https://raw.githubusercontent.com/BirkhoffG/crowd_project/main/true_face/00403.png,0
https://raw.githubusercontent.com/BirkhoffG/crowd_project/main/true_face/00404.png,0
https://raw.githubusercontent.com/BirkhoffG/crowd_project/main/true_face/00405.png,0
https://raw.githubusercontent.com/BirkhoffG/crowd_project/main/true_face/00406.png,0
https://raw.githubusercontent.com/BirkhoffG/crowd_project/main/true_face/00407.png,0
https://raw.githubusercontent.com/BirkhoffG/crowd_project/main/true_face/00408.png,0
https://raw.githubusercontent.com/BirkhoffG/crowd_project/main/true_face/00409.png,0
https://raw.githubusercontent.com/BirkhoffG/crowd_project/main/true_face/00410.png,0
https://raw.githubusercontent.com/BirkhoffG/crowd_project/main/true_face/00411.png,0
https://raw.githubusercontent.com/BirkhoffG/crowd_project/main/true_face/00412.png,0
https://raw.githubusercontent.com/BirkhoffG/crowd_project/main/true_face/00413.png,0
https://raw.githubusercontent.com/BirkhoffG/crowd_project/main/true_face/00414.png,0
https://raw.githubusercontent.com/BirkhoffG/crowd_project/main/true_face/00415.png,0
https://raw.githubusercontent.com/BirkhoffG/crowd_project/main/true_face/00416.png,0
https://raw.githubusercontent.com/BirkhoffG/crowd_project/main/true_face/00417.png,0
https://raw.githubusercontent.com/BirkhoffG/crowd_project/main/true_face/00418.png,1
https://raw.githubusercontent.com/BirkhoffG/crowd_project/main/true_face/00419.png,0
https://raw.githubusercontent.com/BirkhoffG/crowd_project/main/true_face/00420.png,0
https://raw.githubusercontent.com/BirkhoffG/crowd_project/main/true_face/00421.png,0
https://raw.githubusercontent.com/BirkhoffG/crowd_project/main/true_face/00422.png,0
https://raw.githubusercontent.com/BirkhoffG/crowd_project/main/true_face/00423.png,0
https://raw.githubusercontent.com/BirkhoffG/crowd_project/main/true_face/00424.png,0
https://raw.githubusercontent.com/BirkhoffG/crowd_project/main/true_face/00425.png,0
https://raw.githubusercontent.com/BirkhoffG/crowd_project/main/true_face/00426.png,0
https://raw.githubusercontent.com/BirkhoffG/crowd_project/main/true_face/00427.png,0
https://raw.githubusercontent.com/BirkhoffG/crowd_project/main/true_face/00428.png,0
https://raw.githubusercontent.com/BirkhoffG/crowd_project/main/true_face/00429.png,0
https://raw.githubusercontent.com/BirkhoffG/crowd_project/main/true_face/00430.png,0
https://raw.githubusercontent.com/BirkhoffG/crowd_project/main/true_face/00431.png,0
https://raw.githubusercontent.com/BirkhoffG/crowd_project/main/true_face/00432.png,0
https://raw.githubusercontent.com/BirkhoffG/crowd_project/main/true_face/00433.png,0
https://raw.githubusercontent.com/BirkhoffG/crowd_project/main/true_face/00434.png,0
https://raw.githubusercontent.com/BirkhoffG/crowd_project/main/true_face/00435.png,0
https://raw.githubusercontent.com/BirkhoffG/crowd_project/main/true_face/00436.png,0
https://raw.githubusercontent.com/BirkhoffG/crowd_project/main/true_face/00437.png,0
https://raw.githubusercontent.com/BirkhoffG/crowd_project/main/true_face/00438.png,0
https://raw.githubusercontent.com/BirkhoffG/crowd_project/main/true_face/00439.png,0
https://raw.githubusercontent.com/BirkhoffG/crowd_project/main/true_face/00440.png,0
https://raw.githubusercontent.com/BirkhoffG/crowd_project/main/true_face/00441.png,0
https://raw.githubusercontent.com/BirkhoffG/crowd_project/main/true_face/00442.png,0
https://raw.githubusercontent.com/BirkhoffG/crowd_project/main/true_face/00443.png,0
https://raw.githubusercontent.com/BirkhoffG/crowd_project/main/true_face/00444.png,1
https://raw.githubusercontent.com/BirkhoffG/crowd_project/main/true_face/00445.png,0
https://raw.githubusercontent.com/BirkhoffG/crowd_project/main/true_face/00446.png,0
https://raw.githubusercontent.com/BirkhoffG/crowd_project/main/true_face/00447.png,0
https://raw.githubusercontent.com/BirkhoffG/crowd_project/main/true_face/00448.png,0
https://raw.githubusercontent.com/BirkhoffG/crowd_project/main/true_face/00449.png,0
https://raw.githubusercontent.com/BirkhoffG/crowd_project/main/true_face/00450.png,0
https://raw.githubusercontent.com/BirkhoffG/crowd_project/main/true_face/00451.png,0
https://raw.githubusercontent.com/BirkhoffG/crowd_project/main/true_face/00452.png,0
https://raw.githubusercontent.com/BirkhoffG/crowd_project/main/true_face/00453.png,1
https://raw.githubusercontent.com/BirkhoffG/crowd_project/main/true_face/00454.png,0
https://raw.githubusercontent.com/BirkhoffG/crowd_project/main/true_face/00455.png,0
https://raw.githubusercontent.com/BirkhoffG/crowd_project/main/true_face/00456.png,1
https://raw.githubusercontent.com/BirkhoffG/crowd_project/main/true_face/00457.png,0
https://raw.githubusercontent.com/BirkhoffG/crowd_project/main/true_face/00458.png,0
https://raw.githubusercontent.com/BirkhoffG/crowd_project/main/true_face/00459.png,0
https://raw.githubusercontent.com/BirkhoffG/crowd_project/main/true_face/00460.png,0
https://raw.githubusercontent.com/BirkhoffG/crowd_project/main/true_face/00461.png,0
https://raw.githubusercontent.com/BirkhoffG/crowd_project/main/true_face/00462.png,0
https://raw.githubusercontent.com/BirkhoffG/crowd_project/main/true_face/00463.png,0
https://raw.githubusercontent.com/BirkhoffG/crowd_project/main/true_face/00464.png,0
https://raw.githubusercontent.com/BirkhoffG/crowd_project/main/true_face/00465.png,0
https://raw.githubusercontent.com/BirkhoffG/crowd_project/main/true_face/00466.png,0
https://raw.githubusercontent.com/BirkhoffG/crowd_project/main/true_face/00467.png,0
https://raw.githubusercontent.com/BirkhoffG/crowd_project/main/true_face/00468.png,1
https://raw.githubusercontent.com/BirkhoffG/crowd_project/main/true_face/00469.png,0
https://raw.githubusercontent.com/BirkhoffG/crowd_project/main/true_face/00470.png,0
https://raw.githubusercontent.com/BirkhoffG/crowd_project/main/true_face/00471.png,0
https://raw.githubusercontent.com/BirkhoffG/crowd_project/main/true_face/00472.png,1
https://raw.githubusercontent.com/BirkhoffG/crowd_project/main/true_face/00473.png,1
https://raw.githubusercontent.com/BirkhoffG/crowd_project/main/true_face/00474.png,0
https://raw.githubusercontent.com/BirkhoffG/crowd_project/main/true_face/00475.png,0
https://raw.githubusercontent.com/BirkhoffG/crowd_project/main/true_face/00476.png,0
https://raw.githubusercontent.com/BirkhoffG/crowd_project/main/true_face/00477.png,0
https://raw.githubusercontent.com/BirkhoffG/crowd_project/main/true_face/00478.png,0
https://raw.githubusercontent.com/BirkhoffG/crowd_project/main/true_face/00479.png,0
https://raw.githubusercontent.com/BirkhoffG/crowd_project/main/true_face/00480.png,0
https://raw.githubusercontent.com/BirkhoffG/crowd_project/main/true_face/00481.png,0
https://raw.githubusercontent.com/BirkhoffG/crowd_project/main/true_face/00482.png,0
https://raw.githubusercontent.com/BirkhoffG/crowd_project/main/true_face/00483.png,0
https://raw.githubusercontent.com/BirkhoffG/crowd_project/main/true_face/00484.png,0
https://raw.githubusercontent.com/BirkhoffG/crowd_project/main/true_face/00485.png,0
https://raw.githubusercontent.com/BirkhoffG/crowd_project/main/true_face/00486.png,0
https://raw.githubusercontent.com/BirkhoffG/crowd_project/main/true_face/00487.png,0
https://raw.githubusercontent.com/BirkhoffG/crowd_project/main/true_face/00488.png,0
https://raw.githubusercontent.com/BirkhoffG/crowd_project/main/true_face/00489.png,0
https://raw.githubusercontent.com/BirkhoffG/crowd_project/main/true_face/00490.png,0
https://raw.githubusercontent.com/BirkhoffG/crowd_project/main/true_face/00491.png,0
https://raw.githubusercontent.com/BirkhoffG/crowd_project/main/true_face/00492.png,0
https://raw.githubusercontent.com/BirkhoffG/crowd_project/main/true_face/00493.png,0
https://raw.githubusercontent.com/BirkhoffG/crowd_project/main/true_face/00494.png,0
https://raw.githubusercontent.com/BirkhoffG/crowd_project/main/true_face/00495.png,0
https://raw.githubusercontent.com/BirkhoffG/crowd_project/main/true_face/00496.png,0
https://raw.githubusercontent.com/BirkhoffG/crowd_project/main/true_face/00497.png,0
https://raw.githubusercontent.com/BirkhoffG/crowd_project/main/true_face/00498.png,0
https://raw.githubusercontent.com/BirkhoffG/crowd_project/main/true_face/00499.png,0
https://raw.githubusercontent.com/BirkhoffG/crowd_project/main/true_face/00500.png,0
https://raw.githubusercontent.com/BirkhoffG/crowd_project/main/true_face/00501.png,0
https://raw.githubusercontent.com/BirkhoffG/crowd_project/main/true_face/00502.png,0
https://raw.githubusercontent.com/BirkhoffG/crowd_project/main/true_face/00503.png,0
https://raw.githubusercontent.com/BirkhoffG/crowd_project/main/true_face/00504.png,0
https://raw.githubusercontent.com/BirkhoffG/crowd_project/main/true_face/00505.png,0
https://raw.githubusercontent.com/BirkhoffG/crowd_project/main/true_face/00506.png,0
https://raw.githubusercontent.com/BirkhoffG/crowd_project/main/true_face/00507.png,0
https://raw.githubusercontent.com/BirkhoffG/crowd_project/main/true_face/00508.png,0
https://raw.githubusercontent.com/BirkhoffG/crowd_project/main/true_face/00509.png,0
https://raw.githubusercontent.com/BirkhoffG/crowd_project/main/true_face/00510.png,0
https://raw.githubusercontent.com/BirkhoffG/crowd_project/main/true_face/00511.png,0
https://raw.githubusercontent.com/BirkhoffG/crowd_project/main/true_face/00512.png,0
https://raw.githubusercontent.com/BirkhoffG/crowd_project/main/true_face/00513.png,0
https://raw.githubusercontent.com/BirkhoffG/crowd_project/main/true_face/00514.png,0
https://raw.githubusercontent.com/BirkhoffG/crowd_project/main/true_face/00515.png,1
https://raw.githubusercontent.com/BirkhoffG/crowd_project/main/true_face/00516.png,0
https://raw.githubusercontent.com/BirkhoffG/crowd_project/main/true_face/00517.png,0
https://raw.githubusercontent.com/BirkhoffG/crowd_project/main/true_face/00518.png,0
https://raw.githubusercontent.com/BirkhoffG/crowd_project/main/true_face/00519.png,0
https://raw.githubusercontent.com/BirkhoffG/crowd_project/main/true_face/00520.png,0
https://raw.githubusercontent.com/BirkhoffG/crowd_project/main/true_face/00521.png,0
https://raw.githubusercontent.com/BirkhoffG/crowd_project/main/true_face/00522.png,0
https://raw.githubusercontent.com/BirkhoffG/crowd_project/main/true_face/00523.png,0
https://raw.githubusercontent.com/BirkhoffG/crowd_project/main/true_face/00524.png,0
https://raw.githubusercontent.com/BirkhoffG/crowd_project/main/true_face/00525.png,1
https://raw.githubusercontent.com/BirkhoffG/crowd_project/main/true_face/00526.png,0
https://raw.githubusercontent.com/BirkhoffG/crowd_project/main/true_face/00527.png,0
https://raw.githubusercontent.com/BirkhoffG/crowd_project/main/true_face/00528.png,0
https://raw.githubusercontent.com/BirkhoffG/crowd_project/main/true_face/00529.png,0
https://raw.githubusercontent.com/BirkhoffG/crowd_project/main/true_face/00530.png,0
https://raw.githubusercontent.com/BirkhoffG/crowd_project/main/true_face/00531.png,0
https://raw.githubusercontent.com/BirkhoffG/crowd_project/main/true_face/00532.png,0
https://raw.githubusercontent.com/BirkhoffG/crowd_project/main/true_face/00533.png,0
https://raw.githubusercontent.com/BirkhoffG/crowd_project/main/true_face/00534.png,0
https://raw.githubusercontent.com/BirkhoffG/crowd_project/main/true_face/00535.png,0
https://raw.githubusercontent.com/BirkhoffG/crowd_project/main/true_face/00536.png,0
https://raw.githubusercontent.com/BirkhoffG/crowd_project/main/true_face/00537.png,0
https://raw.githubusercontent.com/BirkhoffG/crowd_project/main/true_face/00538.png,0
https://raw.githubusercontent.com/BirkhoffG/crowd_project/main/true_face/00539.png,0
https://raw.githubusercontent.com/BirkhoffG/crowd_project/main/true_face/00540.png,0
https://raw.githubusercontent.com/BirkhoffG/crowd_project/main/true_face/00541.png,0
https://raw.githubusercontent.com/BirkhoffG/crowd_project/main/true_face/00542.png,0
https://raw.githubusercontent.com/BirkhoffG/crowd_project/main/true_face/00543.png,0
https://raw.githubusercontent.com/BirkhoffG/crowd_project/main/true_face/00544.png,0
https://raw.githubusercontent.com/BirkhoffG/crowd_project/main/true_face/00545.png,0
https://raw.githubusercontent.com/BirkhoffG/crowd_project/main/true_face/00546.png,0
https://raw.githubusercontent.com/BirkhoffG/crowd_project/main/true_face/00547.png,0
https://raw.githubusercontent.com/BirkhoffG/crowd_project/main/true_face/00548.png,1
https://raw.githubusercontent.com/BirkhoffG/crowd_project/main/true_face/00549.png,0
https://raw.githubusercontent.com/BirkhoffG/crowd_project/main/true_face/00550.png,0
https://raw.githubusercontent.com/BirkhoffG/crowd_project/main/true_face/00551.png,0
https://raw.githubusercontent.com/BirkhoffG/crowd_project/main/true_face/00552.png,0
https://raw.githubusercontent.com/BirkhoffG/crowd_project/main/true_face/00553.png,0
https://raw.githubusercontent.com/BirkhoffG/crowd_project/main/true_face/00554.png,0
https://raw.githubusercontent.com/BirkhoffG/crowd_project/main/true_face/00555.png,0
https://raw.githubusercontent.com/BirkhoffG/crowd_project/main/true_face/00556.png,0
https://raw.githubusercontent.com/BirkhoffG/crowd_project/main/true_face/00557.png,0
https://raw.githubusercontent.com/BirkhoffG/crowd_project/main/true_face/00558.png,1
https://raw.githubusercontent.com/BirkhoffG/crowd_project/main/true_face/00559.png,0
https://raw.githubusercontent.com/BirkhoffG/crowd_project/main/true_face/00560.png,1
https://raw.githubusercontent.com/BirkhoffG/crowd_project/main/true_face/00561.png,0
https://raw.githubusercontent.com/BirkhoffG/crowd_project/main/true_face/00562.png,0
https://raw.githubusercontent.com/BirkhoffG/crowd_project/main/true_face/00563.png,0
https://raw.githubusercontent.com/BirkhoffG/crowd_project/main/true_face/00564.png,0
https://raw.githubusercontent.com/BirkhoffG/crowd_project/main/true_face/00565.png,0
https://raw.githubusercontent.com/BirkhoffG/crowd_project/main/true_face/00566.png,0
https://raw.githubusercontent.com/BirkhoffG/crowd_project/main/true_face/00567.png,0
https://raw.githubusercontent.com/BirkhoffG/crowd_project/main/true_face/00568.png,0
https://raw.githubusercontent.com/BirkhoffG/crowd_project/main/true_face/00569.png,0
https://raw.githubusercontent.com/BirkhoffG/crowd_project/main/true_face/00570.png,0
https://raw.githubusercontent.com/BirkhoffG/crowd_project/main/true_face/00571.png,0
https://raw.githubusercontent.com/BirkhoffG/crowd_project/main/true_face/00572.png,0
https://raw.githubusercontent.com/BirkhoffG/crowd_project/main/true_face/00573.png,0
https://raw.githubusercontent.com/BirkhoffG/crowd_project/main/true_face/00574.png,1
https://raw.githubusercontent.com/BirkhoffG/crowd_project/main/true_face/00575.png,1
https://raw.githubusercontent.com/BirkhoffG/crowd_project/main/true_face/00576.png,0
https://raw.githubusercontent.com/BirkhoffG/crowd_project/main/true_face/00577.png,0
https://raw.githubusercontent.com/BirkhoffG/crowd_project/main/true_face/00578.png,0
https://raw.githubusercontent.com/BirkhoffG/crowd_project/main/true_face/00579.png,0
https://raw.githubusercontent.com/BirkhoffG/crowd_project/main/true_face/00580.png,0
https://raw.githubusercontent.com/BirkhoffG/crowd_project/main/true_face/00581.png,0
https://raw.githubusercontent.com/BirkhoffG/crowd_project/main/true_face/00582.png,0
https://raw.githubusercontent.com/BirkhoffG/crowd_project/main/true_face/00583.png,0
https://raw.githubusercontent.com/BirkhoffG/crowd_project/main/true_face/00584.png,0
https://raw.githubusercontent.com/BirkhoffG/crowd_project/main/true_face/00585.png,0
https://raw.githubusercontent.com/BirkhoffG/crowd_project/main/true_face/00586.png,0
https://raw.githubusercontent.com/BirkhoffG/crowd_project/main/true_face/00587.png,0
https://raw.githubusercontent.com/BirkhoffG/crowd_project/main/true_face/00588.png,0
https://raw.githubusercontent.com/BirkhoffG/crowd_project/main/true_face/00589.png,0
https://raw.githubusercontent.com/BirkhoffG/crowd_project/main/true_face/00590.png,0
https://raw.githubusercontent.com/BirkhoffG/crowd_project/main/true_face/00591.png,0
https://raw.githubusercontent.com/BirkhoffG/crowd_project/main/true_face/00592.png,0
https://raw.githubusercontent.com/BirkhoffG/crowd_project/main/true_face/00593.png,0
https://raw.githubusercontent.com/BirkhoffG/crowd_project/main/true_face/00594.png,0
https://raw.githubusercontent.com/BirkhoffG/crowd_project/main/true_face/00595.png,0
https://raw.githubusercontent.com/BirkhoffG/crowd_project/main/true_face/00596.png,0
https://raw.githubusercontent.com/BirkhoffG/crowd_project/main/true_face/00597.png,0
https://raw.githubusercontent.com/BirkhoffG/crowd_project/main/true_face/00598.png,1
https://raw.githubusercontent.com/BirkhoffG/crowd_project/main/true_face/00599.png,0
https://raw.githubusercontent.com/BirkhoffG/crowd_project/main/true_face/00600.png,1
https://raw.githubusercontent.com/BirkhoffG/crowd_project/main/true_face/00601.png,0
https://raw.githubusercontent.com/BirkhoffG/crowd_project/main/true_face/00602.png,0
https://raw.githubusercontent.com/BirkhoffG/crowd_project/main/true_face/00603.png,0
https://raw.githubusercontent.com/BirkhoffG/crowd_project/main/true_face/00604.png,0
https://raw.githubusercontent.com/BirkhoffG/crowd_project/main/true_face/00605.png,0
https://raw.githubusercontent.com/BirkhoffG/crowd_project/main/true_face/00606.png,1
https://raw.githubusercontent.com/BirkhoffG/crowd_project/main/true_face/00607.png,0
https://raw.githubusercontent.com/BirkhoffG/crowd_project/main/true_face/00608.png,0
https://raw.githubusercontent.com/BirkhoffG/crowd_project/main/true_face/00609.png,0
https://raw.githubusercontent.com/BirkhoffG/crowd_project/main/true_face/00610.png,0
https://raw.githubusercontent.com/BirkhoffG/crowd_project/main/true_face/00611.png,0
https://raw.githubusercontent.com/BirkhoffG/crowd_project/main/true_face/00612.png,0
https://raw.githubusercontent.com/BirkhoffG/crowd_project/main/true_face/00613.png,0
https://raw.githubusercontent.com/BirkhoffG/crowd_project/main/true_face/00614.png,0
https://raw.githubusercontent.com/BirkhoffG/crowd_project/main/true_face/00615.png,0
https://raw.githubusercontent.com/BirkhoffG/crowd_project/main/true_face/00616.png,0
https://raw.githubusercontent.com/BirkhoffG/crowd_project/main/true_face/00617.png,0
https://raw.githubusercontent.com/BirkhoffG/crowd_project/main/true_face/00618.png,0
https://raw.githubusercontent.com/BirkhoffG/crowd_project/main/true_face/00619.png,0
https://raw.githubusercontent.com/BirkhoffG/crowd_project/main/true_face/00620.png,0
https://raw.githubusercontent.com/BirkhoffG/crowd_project/main/true_face/00621.png,0
https://raw.githubusercontent.com/BirkhoffG/crowd_project/main/true_face/00622.png,0
https://raw.githubusercontent.com/BirkhoffG/crowd_project/main/true_face/00623.png,0
https://raw.githubusercontent.com/BirkhoffG/crowd_project/main/true_face/00624.png,0
https://raw.githubusercontent.com/BirkhoffG/crowd_project/main/true_face/00625.png,1
https://raw.githubusercontent.com/BirkhoffG/crowd_project/main/true_face/00626.png,0
https://raw.githubusercontent.com/BirkhoffG/crowd_project/main/true_face/00627.png,0
https://raw.githubusercontent.com/BirkhoffG/crowd_project/main/true_face/00628.png,0
https://raw.githubusercontent.com/BirkhoffG/crowd_project/main/true_face/00629.png,0
https://raw.githubusercontent.com/BirkhoffG/crowd_project/main/true_face/00630.png,0
https://raw.githubusercontent.com/BirkhoffG/crowd_project/main/true_face/00631.png,0
https://raw.githubusercontent.com/BirkhoffG/crowd_project/main/true_face/00632.png,0
https://raw.githubusercontent.com/BirkhoffG/crowd_project/main/true_face/00633.png,0
https://raw.githubusercontent.com/BirkhoffG/crowd_project/main/true_face/00634.png,0
https://raw.githubusercontent.com/BirkhoffG/crowd_project/main/true_face/00635.png,1
https://raw.githubusercontent.com/BirkhoffG/crowd_project/main/true_face/00636.png,0
https://raw.githubusercontent.com/BirkhoffG/crowd_project/main/true_face/00637.png,0
https://raw.githubusercontent.com/BirkhoffG/crowd_project/main/true_face/00638.png,0
https://raw.githubusercontent.com/BirkhoffG/crowd_project/main/true_face/00639.png,0
https://raw.githubusercontent.com/BirkhoffG/crowd_project/main/true_face/00640.png,0
https://raw.githubusercontent.com/BirkhoffG/crowd_project/main/true_face/00641.png,0
https://raw.githubusercontent.com/BirkhoffG/crowd_project/main/true_face/00642.png,0
https://raw.githubusercontent.com/BirkhoffG/crowd_project/main/true_face/00643.png,0
https://raw.githubusercontent.com/BirkhoffG/crowd_project/main/true_face/00644.png,0
https://raw.githubusercontent.com/BirkhoffG/crowd_project/main/true_face/00645.png,0
https://raw.githubusercontent.com/BirkhoffG/crowd_project/main/true_face/00646.png,1
https://raw.githubusercontent.com/BirkhoffG/crowd_project/main/true_face/00647.png,0
https://raw.githubusercontent.com/BirkhoffG/crowd_project/main/true_face/00648.png,0
https://raw.githubusercontent.com/BirkhoffG/crowd_project/main/true_face/00649.png,0
https://raw.githubusercontent.com/BirkhoffG/crowd_project/main/true_face/00650.png,0
https://raw.githubusercontent.com/BirkhoffG/crowd_project/main/true_face/00651.png,0
https://raw.githubusercontent.com/BirkhoffG/crowd_project/main/true_face/00652.png,0
https://raw.githubusercontent.com/BirkhoffG/crowd_project/main/true_face/00653.png,0
https://raw.githubusercontent.com/BirkhoffG/crowd_project/main/true_face/00654.png,0
https://raw.githubusercontent.com/BirkhoffG/crowd_project/main/true_face/00655.png,0
https://raw.githubusercontent.com/BirkhoffG/crowd_project/main/true_face/00656.png,0
https://raw.githubusercontent.com/BirkhoffG/crowd_project/main/true_face/00657.png,0
https://raw.githubusercontent.com/BirkhoffG/crowd_project/main/true_face/00658.png,0
https://raw.githubusercontent.com/BirkhoffG/crowd_project/main/true_face/00659.png,0
https://raw.githubusercontent.com/BirkhoffG/crowd_project/main/true_face/00660.png,0
https://raw.githubusercontent.com/BirkhoffG/crowd_project/main/true_face/00661.png,0
https://raw.githubusercontent.com/BirkhoffG/crowd_project/main/true_face/00662.png,0
https://raw.githubusercontent.com/BirkhoffG/crowd_project/main/true_face/00663.png,1
https://raw.githubusercontent.com/BirkhoffG/crowd_project/main/true_face/00664.png,0
https://raw.githubusercontent.com/BirkhoffG/crowd_project/main/true_face/00665.png,0
https://raw.githubusercontent.com/BirkhoffG/crowd_project/main/true_face/00666.png,0
https://raw.githubusercontent.com/BirkhoffG/crowd_project/main/true_face/00667.png,0
https://raw.githubusercontent.com/BirkhoffG/crowd_project/main/true_face/00668.png,0
https://raw.githubusercontent.com/BirkhoffG/crowd_project/main/true_face/00669.png,0
https://raw.githubusercontent.com/BirkhoffG/crowd_project/main/true_face/00670.png,0
https://raw.githubusercontent.com/BirkhoffG/crowd_project/main/true_face/00671.png,0
https://raw.githubusercontent.com/BirkhoffG/crowd_project/main/true_face/00672.png,0
https://raw.githubusercontent.com/BirkhoffG/crowd_project/main/true_face/00673.png,0
https://raw.githubusercontent.com/BirkhoffG/crowd_project/main/true_face/00674.png,0
https://raw.githubusercontent.com/BirkhoffG/crowd_project/main/true_face/00675.png,0
https://raw.githubusercontent.com/BirkhoffG/crowd_project/main/true_face/00676.png,0
https://raw.githubusercontent.com/BirkhoffG/crowd_project/main/true_face/00677.png,0
https://raw.githubusercontent.com/BirkhoffG/crowd_project/main/true_face/00678.png,0
https://raw.githubusercontent.com/BirkhoffG/crowd_project/main/true_face/00679.png,0
https://raw.githubusercontent.com/BirkhoffG/crowd_project/main/true_face/00680.png,0
https://raw.githubusercontent.com/BirkhoffG/crowd_project/main/true_face/00681.png,0
https://raw.githubusercontent.com/BirkhoffG/crowd_project/main/true_face/00682.png,0
https://raw.githubusercontent.com/BirkhoffG/crowd_project/main/true_face/00683.png,0
https://raw.githubusercontent.com/BirkhoffG/crowd_project/main/true_face/00684.png,0
https://raw.githubusercontent.com/BirkhoffG/crowd_project/main/true_face/00685.png,0
https://raw.githubusercontent.com/BirkhoffG/crowd_project/main/true_face/00686.png,0
https://raw.githubusercontent.com/BirkhoffG/crowd_project/main/true_face/00687.png,0
https://raw.githubusercontent.com/BirkhoffG/crowd_project/main/true_face/00688.png,0
https://raw.githubusercontent.com/BirkhoffG/crowd_project/main/true_face/00689.png,0
https://raw.githubusercontent.com/BirkhoffG/crowd_project/main/true_face/00690.png,0
https://raw.githubusercontent.com/BirkhoffG/crowd_project/main/true_face/00691.png,0
https://raw.githubusercontent.com/BirkhoffG/crowd_project/main/true_face/00692.png,0
https://raw.githubusercontent.com/BirkhoffG/crowd_project/main/true_face/00693.png,0
https://raw.githubusercontent.com/BirkhoffG/crowd_project/main/true_face/00694.png,0
https://raw.githubusercontent.com/BirkhoffG/crowd_project/main/true_face/00695.png,1
https://raw.githubusercontent.com/BirkhoffG/crowd_project/main/true_face/00696.png,0
https://raw.githubusercontent.com/BirkhoffG/crowd_project/main/true_face/00697.png,1
https://raw.githubusercontent.com/BirkhoffG/crowd_project/main/true_face/00698.png,0
https://raw.githubusercontent.com/BirkhoffG/crowd_project/main/true_face/00699.png,0
https://raw.githubusercontent.com/BirkhoffG/crowd_project/main/true_face/00700.png,0
https://raw.githubusercontent.com/BirkhoffG/crowd_project/main/true_face/00701.png,0
https://raw.githubusercontent.com/BirkhoffG/crowd_project/main/true_face/00702.png,0
https://raw.githubusercontent.com/BirkhoffG/crowd_project/main/true_face/00703.png,0
https://raw.githubusercontent.com/BirkhoffG/crowd_project/main/true_face/00704.png,1
https://raw.githubusercontent.com/BirkhoffG/crowd_project/main/true_face/00705.png,0
https://raw.githubusercontent.com/BirkhoffG/crowd_project/main/true_face/00706.png,1
https://raw.githubusercontent.com/BirkhoffG/crowd_project/main/true_face/00707.png,0
https://raw.githubusercontent.com/BirkhoffG/crowd_project/main/true_face/00708.png,0
https://raw.githubusercontent.com/BirkhoffG/crowd_project/main/true_face/00709.png,1
https://raw.githubusercontent.com/BirkhoffG/crowd_project/main/true_face/00710.png,1
https://raw.githubusercontent.com/BirkhoffG/crowd_project/main/true_face/00711.png,0
https://raw.githubusercontent.com/BirkhoffG/crowd_project/main/true_face/00712.png,0
https://raw.githubusercontent.com/BirkhoffG/crowd_project/main/true_face/00713.png,0
https://raw.githubusercontent.com/BirkhoffG/crowd_project/main/true_face/00714.png,0
https://raw.githubusercontent.com/BirkhoffG/crowd_project/main/true_face/00715.png,1
https://raw.githubusercontent.com/BirkhoffG/crowd_project/main/true_face/00716.png,1
https://raw.githubusercontent.com/BirkhoffG/crowd_project/main/true_face/00717.png,0
https://raw.githubusercontent.com/BirkhoffG/crowd_project/main/true_face/00718.png,0
https://raw.githubusercontent.com/BirkhoffG/crowd_project/main/true_face/00719.png,0
https://raw.githubusercontent.com/BirkhoffG/crowd_project/main/true_face/00720.png,0
https://raw.githubusercontent.com/BirkhoffG/crowd_project/main/true_face/00721.png,0
https://raw.githubusercontent.com/BirkhoffG/crowd_project/main/true_face/00722.png,0
https://raw.githubusercontent.com/BirkhoffG/crowd_project/main/true_face/00723.png,0
https://raw.githubusercontent.com/BirkhoffG/crowd_project/main/true_face/00724.png,0
https://raw.githubusercontent.com/BirkhoffG/crowd_project/main/true_face/00725.png,0
https://raw.githubusercontent.com/BirkhoffG/crowd_project/main/true_face/00726.png,0
https://raw.githubusercontent.com/BirkhoffG/crowd_project/main/true_face/00727.png,0
https://raw.githubusercontent.com/BirkhoffG/crowd_project/main/true_face/00728.png,1
https://raw.githubusercontent.com/BirkhoffG/crowd_project/main/true_face/00729.png,0
https://raw.githubusercontent.com/BirkhoffG/crowd_project/main/true_face/00730.png,0
https://raw.githubusercontent.com/BirkhoffG/crowd_project/main/true_face/00731.png,0
https://raw.githubusercontent.com/BirkhoffG/crowd_project/main/true_face/00732.png,0
https://raw.githubusercontent.com/BirkhoffG/crowd_project/main/true_face/00733.png,0
https://raw.githubusercontent.com/BirkhoffG/crowd_project/main/true_face/00734.png,0
https://raw.githubusercontent.com/BirkhoffG/crowd_project/main/true_face/00735.png,0
https://raw.githubusercontent.com/BirkhoffG/crowd_project/main/true_face/00736.png,0
https://raw.githubusercontent.com/BirkhoffG/crowd_project/main/true_face/00737.png,1
https://raw.githubusercontent.com/BirkhoffG/crowd_project/main/true_face/00738.png,0
https://raw.githubusercontent.com/BirkhoffG/crowd_project/main/true_face/00739.png,0
https://raw.githubusercontent.com/BirkhoffG/crowd_project/main/true_face/00740.png,1
https://raw.githubusercontent.com/BirkhoffG/crowd_project/main/true_face/00741.png,0
https://raw.githubusercontent.com/BirkhoffG/crowd_project/main/true_face/00742.png,0
https://raw.githubusercontent.com/BirkhoffG/crowd_project/main/true_face/00743.png,0
https://raw.githubusercontent.com/BirkhoffG/crowd_project/main/true_face/00744.png,0
https://raw.githubusercontent.com/BirkhoffG/crowd_project/main/true_face/00745.png,0
https://raw.githubusercontent.com/BirkhoffG/crowd_project/main/true_face/00746.png,0
https://raw.githubusercontent.com/BirkhoffG/crowd_project/main/true_face/00747.png,0
https://raw.githubusercontent.com/BirkhoffG/crowd_project/main/true_face/00748.png,0
https://raw.githubusercontent.com/BirkhoffG/crowd_project/main/true_face/00749.png,0
https://raw.githubusercontent.com/BirkhoffG/crowd_project/main/true_face/00750.png,0
https://raw.githubusercontent.com/BirkhoffG/crowd_project/main/true_face/00751.png,1
https://raw.githubusercontent.com/BirkhoffG/crowd_project/main/true_face/00752.png,0
https://raw.githubusercontent.com/BirkhoffG/crowd_project/main/true_face/00753.png,1
https://raw.githubusercontent.com/BirkhoffG/crowd_project/main/true_face/00754.png,0
https://raw.githubusercontent.com/BirkhoffG/crowd_project/main/true_face/00755.png,0
https://raw.githubusercontent.com/BirkhoffG/crowd_project/main/true_face/00756.png,0
https://raw.githubusercontent.com/BirkhoffG/crowd_project/main/true_face/00757.png,0
https://raw.githubusercontent.com/BirkhoffG/crowd_project/main/true_face/00758.png,1
https://raw.githubusercontent.com/BirkhoffG/crowd_project/main/true_face/00759.png,1
https://raw.githubusercontent.com/BirkhoffG/crowd_project/main/true_face/00760.png,0
https://raw.githubusercontent.com/BirkhoffG/crowd_project/main/true_face/00761.png,0
https://raw.githubusercontent.com/BirkhoffG/crowd_project/main/true_face/00762.png,0
https://raw.githubusercontent.com/BirkhoffG/crowd_project/main/true_face/00763.png,0
https://raw.githubusercontent.com/BirkhoffG/crowd_project/main/true_face/00764.png,0
https://raw.githubusercontent.com/BirkhoffG/crowd_project/main/true_face/00765.png,0
https://raw.githubusercontent.com/BirkhoffG/crowd_project/main/true_face/00766.png,0
https://raw.githubusercontent.com/BirkhoffG/crowd_project/main/true_face/00767.png,0
https://raw.githubusercontent.com/BirkhoffG/crowd_project/main/true_face/00768.png,1
https://raw.githubusercontent.com/BirkhoffG/crowd_project/main/true_face/00769.png,1
https://raw.githubusercontent.com/BirkhoffG/crowd_project/main/true_face/00770.png,0
https://raw.githubusercontent.com/BirkhoffG/crowd_project/main/true_face/00771.png,0
https://raw.githubusercontent.com/BirkhoffG/crowd_project/main/true_face/00772.png,0
https://raw.githubusercontent.com/BirkhoffG/crowd_project/main/true_face/00773.png,0
https://raw.githubusercontent.com/BirkhoffG/crowd_project/main/true_face/00774.png,0
https://raw.githubusercontent.com/BirkhoffG/crowd_project/main/true_face/00775.png,0
https://raw.githubusercontent.com/BirkhoffG/crowd_project/main/true_face/00776.png,0
https://raw.githubusercontent.com/BirkhoffG/crowd_project/main/true_face/00777.png,0
https://raw.githubusercontent.com/BirkhoffG/crowd_project/main/true_face/00778.png,0
https://raw.githubusercontent.com/BirkhoffG/crowd_project/main/true_face/00779.png,0
https://raw.githubusercontent.com/BirkhoffG/crowd_project/main/true_face/00780.png,0
https://raw.githubusercontent.com/BirkhoffG/crowd_project/main/true_face/00781.png,0
https://raw.githubusercontent.com/BirkhoffG/crowd_project/main/true_face/00782.png,0
https://raw.githubusercontent.com/BirkhoffG/crowd_project/main/true_face/00783.png,0
https://raw.githubusercontent.com/BirkhoffG/crowd_project/main/true_face/00784.png,0
https://raw.githubusercontent.com/BirkhoffG/crowd_project/main/true_face/00785.png,0
https://raw.githubusercontent.com/BirkhoffG/crowd_project/main/true_face/00786.png,0
https://raw.githubusercontent.com/BirkhoffG/crowd_project/main/true_face/00787.png,0
https://raw.githubusercontent.com/BirkhoffG/crowd_project/main/true_face/00788.png,0
https://raw.githubusercontent.com/BirkhoffG/crowd_project/main/true_face/00789.png,0
https://raw.githubusercontent.com/BirkhoffG/crowd_project/main/true_face/00790.png,0
https://raw.githubusercontent.com/BirkhoffG/crowd_project/main/true_face/00791.png,0
https://raw.githubusercontent.com/BirkhoffG/crowd_project/main/true_face/00792.png,0
https://raw.githubusercontent.com/BirkhoffG/crowd_project/main/true_face/00793.png,1
https://raw.githubusercontent.com/BirkhoffG/crowd_project/main/true_face/00794.png,0
https://raw.githubusercontent.com/BirkhoffG/crowd_project/main/true_face/00795.png,1
https://raw.githubusercontent.com/BirkhoffG/crowd_project/main/true_face/00796.png,0
https://raw.githubusercontent.com/BirkhoffG/crowd_project/main/true_face/00797.png,0
https://raw.githubusercontent.com/BirkhoffG/crowd_project/main/true_face/00798.png,0
https://raw.githubusercontent.com/BirkhoffG/crowd_project/main/true_face/00799.png,0
https://raw.githubusercontent.com/BirkhoffG/crowd_project/main/true_face/00800.png,0
https://raw.githubusercontent.com/BirkhoffG/crowd_project/main/true_face/00801.png,0
https://raw.githubusercontent.com/BirkhoffG/crowd_project/main/true_face/00802.png,0
https://raw.githubusercontent.com/BirkhoffG/crowd_project/main/true_face/00803.png,0
https://raw.githubusercontent.com/BirkhoffG/crowd_project/main/true_face/00804.png,0
https://raw.githubusercontent.com/BirkhoffG/crowd_project/main/true_face/00805.png,0
https://raw.githubusercontent.com/BirkhoffG/crowd_project/main/true_face/00806.png,0
https://raw.githubusercontent.com/BirkhoffG/crowd_project/main/true_face/00807.png,0
https://raw.githubusercontent.com/BirkhoffG/crowd_project/main/true_face/00808.png,0
https://raw.githubusercontent.com/BirkhoffG/crowd_project/main/true_face/00809.png,0
https://raw.githubusercontent.com/BirkhoffG/crowd_project/main/true_face/00810.png,1
https://raw.githubusercontent.com/BirkhoffG/crowd_project/main/true_face/00811.png,0
https://raw.githubusercontent.com/BirkhoffG/crowd_project/main/true_face/00812.png,0
https://raw.githubusercontent.com/BirkhoffG/crowd_project/main/true_face/00813.png,0
https://raw.githubusercontent.com/BirkhoffG/crowd_project/main/true_face/00814.png,0
https://raw.githubusercontent.com/BirkhoffG/crowd_project/main/true_face/00815.png,0
https://raw.githubusercontent.com/BirkhoffG/crowd_project/main/true_face/00816.png,1
https://raw.githubusercontent.com/BirkhoffG/crowd_project/main/true_face/00817.png,0
https://raw.githubusercontent.com/BirkhoffG/crowd_project/main/true_face/00818.png,0
https://raw.githubusercontent.com/BirkhoffG/crowd_project/main/true_face/00819.png,0
https://raw.githubusercontent.com/BirkhoffG/crowd_project/main/true_face/00820.png,0
https://raw.githubusercontent.com/BirkhoffG/crowd_project/main/true_face/00821.png,0
https://raw.githubusercontent.com/BirkhoffG/crowd_project/main/true_face/00822.png,0
https://raw.githubusercontent.com/BirkhoffG/crowd_project/main/true_face/00823.png,0
https://raw.githubusercontent.com/BirkhoffG/crowd_project/main/true_face/00824.png,0
https://raw.githubusercontent.com/BirkhoffG/crowd_project/main/true_face/00825.png,0
https://raw.githubusercontent.com/BirkhoffG/crowd_project/main/true_face/00826.png,0
https://raw.githubusercontent.com/BirkhoffG/crowd_project/main/true_face/00827.png,1
https://raw.githubusercontent.com/BirkhoffG/crowd_project/main/true_face/00828.png,0
https://raw.githubusercontent.com/BirkhoffG/crowd_project/main/true_face/00829.png,0
https://raw.githubusercontent.com/BirkhoffG/crowd_project/main/true_face/00830.png,0
https://raw.githubusercontent.com/BirkhoffG/crowd_project/main/true_face/00831.png,0
https://raw.githubusercontent.com/BirkhoffG/crowd_project/main/true_face/00832.png,1
https://raw.githubusercontent.com/BirkhoffG/crowd_project/main/true_face/00833.png,0
https://raw.githubusercontent.com/BirkhoffG/crowd_project/main/true_face/00834.png,0
https://raw.githubusercontent.com/BirkhoffG/crowd_project/main/true_face/00835.png,0
https://raw.githubusercontent.com/BirkhoffG/crowd_project/main/true_face/00836.png,0
https://raw.githubusercontent.com/BirkhoffG/crowd_project/main/true_face/00837.png,1
https://raw.githubusercontent.com/BirkhoffG/crowd_project/main/true_face/00838.png,0
https://raw.githubusercontent.com/BirkhoffG/crowd_project/main/true_face/00839.png,0
https://raw.githubusercontent.com/BirkhoffG/crowd_project/main/true_face/00840.png,1
https://raw.githubusercontent.com/BirkhoffG/crowd_project/main/true_face/00841.png,0
https://raw.githubusercontent.com/BirkhoffG/crowd_project/main/true_face/00842.png,0
https://raw.githubusercontent.com/BirkhoffG/crowd_project/main/true_face/00843.png,0
https://raw.githubusercontent.com/BirkhoffG/crowd_project/main/true_face/00844.png,0
https://raw.githubusercontent.com/BirkhoffG/crowd_project/main/true_face/00845.png,1
https://raw.githubusercontent.com/BirkhoffG/crowd_project/main/true_face/00846.png,1
https://raw.githubusercontent.com/BirkhoffG/crowd_project/main/true_face/00847.png,0
https://raw.githubusercontent.com/BirkhoffG/crowd_project/main/true_face/00848.png,0
https://raw.githubusercontent.com/BirkhoffG/crowd_project/main/true_face/00849.png,0
https://raw.githubusercontent.com/BirkhoffG/crowd_project/main/true_face/00850.png,0
https://raw.githubusercontent.com/BirkhoffG/crowd_project/main/true_face/00851.png,0
https://raw.githubusercontent.com/BirkhoffG/crowd_project/main/true_face/00852.png,0
https://raw.githubusercontent.com/BirkhoffG/crowd_project/main/true_face/00853.png,1
https://raw.githubusercontent.com/BirkhoffG/crowd_project/main/true_face/00854.png,0
https://raw.githubusercontent.com/BirkhoffG/crowd_project/main/true_face/00855.png,0
https://raw.githubusercontent.com/BirkhoffG/crowd_project/main/true_face/00856.png,0
https://raw.githubusercontent.com/BirkhoffG/crowd_project/main/true_face/00857.png,0
https://raw.githubusercontent.com/BirkhoffG/crowd_project/main/true_face/00858.png,0
https://raw.githubusercontent.com/BirkhoffG/crowd_project/main/true_face/00859.png,0
https://raw.githubusercontent.com/BirkhoffG/crowd_project/main/true_face/00860.png,0
https://raw.githubusercontent.com/BirkhoffG/crowd_project/main/true_face/00861.png,1
https://raw.githubusercontent.com/BirkhoffG/crowd_project/main/true_face/00862.png,0
https://raw.githubusercontent.com/BirkhoffG/crowd_project/main/true_face/00863.png,0
https://raw.githubusercontent.com/BirkhoffG/crowd_project/main/true_face/00864.png,0
https://raw.githubusercontent.com/BirkhoffG/crowd_project/main/true_face/00865.png,0
https://raw.githubusercontent.com/BirkhoffG/crowd_project/main/true_face/00866.png,0
https://raw.githubusercontent.com/BirkhoffG/crowd_project/main/true_face/00867.png,0
https://raw.githubusercontent.com/BirkhoffG/crowd_project/main/true_face/00868.png,0
https://raw.githubusercontent.com/BirkhoffG/crowd_project/main/true_face/00869.png,0
https://raw.githubusercontent.com/BirkhoffG/crowd_project/main/true_face/00870.png,0
https://raw.githubusercontent.com/BirkhoffG/crowd_project/main/true_face/00871.png,0
https://raw.githubusercontent.com/BirkhoffG/crowd_project/main/true_face/00872.png,0
https://raw.githubusercontent.com/BirkhoffG/crowd_project/main/true_face/00873.png,0
https://raw.githubusercontent.com/BirkhoffG/crowd_project/main/true_face/00874.png,1
https://raw.githubusercontent.com/BirkhoffG/crowd_project/main/true_face/00875.png,0
https://raw.githubusercontent.com/BirkhoffG/crowd_project/main/true_face/00876.png,0
https://raw.githubusercontent.com/BirkhoffG/crowd_project/main/true_face/00877.png,0
https://raw.githubusercontent.com/BirkhoffG/crowd_project/main/true_face/00878.png,0
https://raw.githubusercontent.com/BirkhoffG/crowd_project/main/true_face/00879.png,1
https://raw.githubusercontent.com/BirkhoffG/crowd_project/main/true_face/00880.png,0
https://raw.githubusercontent.com/BirkhoffG/crowd_project/main/true_face/00881.png,1
https://raw.githubusercontent.com/BirkhoffG/crowd_project/main/true_face/00882.png,0
https://raw.githubusercontent.com/BirkhoffG/crowd_project/main/true_face/00883.png,0
https://raw.githubusercontent.com/BirkhoffG/crowd_project/main/true_face/00884.png,1
https://raw.githubusercontent.com/BirkhoffG/crowd_project/main/true_face/00885.png,0
https://raw.githubusercontent.com/BirkhoffG/crowd_project/main/true_face/00886.png,0
https://raw.githubusercontent.com/BirkhoffG/crowd_project/main/true_face/00887.png,0
https://raw.githubusercontent.com/BirkhoffG/crowd_project/main/true_face/00888.png,0
https://raw.githubusercontent.com/BirkhoffG/crowd_project/main/true_face/00889.png,0
https://raw.githubusercontent.com/BirkhoffG/crowd_project/main/true_face/00890.png,0
https://raw.githubusercontent.com/BirkhoffG/crowd_project/main/true_face/00891.png,0
https://raw.githubusercontent.com/BirkhoffG/crowd_project/main/true_face/00892.png,0
https://raw.githubusercontent.com/BirkhoffG/crowd_project/main/true_face/00893.png,0
https://raw.githubusercontent.com/BirkhoffG/crowd_project/main/true_face/00894.png,0
https://raw.githubusercontent.com/BirkhoffG/crowd_project/main/true_face/00895.png,0
https://raw.githubusercontent.com/BirkhoffG/crowd_project/main/true_face/00896.png,0
https://raw.githubusercontent.com/BirkhoffG/crowd_project/main/true_face/00897.png,1
https://raw.githubusercontent.com/BirkhoffG/crowd_project/main/true_face/00898.png,0
https://raw.githubusercontent.com/BirkhoffG/crowd_project/main/true_face/00899.png,0
https://raw.githubusercontent.com/BirkhoffG/crowd_project/main/true_face/00900.png,0
https://raw.githubusercontent.com/BirkhoffG/crowd_project/main/true_face/00901.png,0
https://raw.githubusercontent.com/BirkhoffG/crowd_project/main/true_face/00902.png,1
https://raw.githubusercontent.com/BirkhoffG/crowd_project/main/true_face/00903.png,0
https://raw.githubusercontent.com/BirkhoffG/crowd_project/main/true_face/00904.png,0
https://raw.githubusercontent.com/BirkhoffG/crowd_project/main/true_face/00905.png,0
https://raw.githubusercontent.com/BirkhoffG/crowd_project/main/true_face/00906.png,0
https://raw.githubusercontent.com/BirkhoffG/crowd_project/main/true_face/00907.png,0
https://raw.githubusercontent.com/BirkhoffG/crowd_project/main/true_face/00908.png,0
https://raw.githubusercontent.com/BirkhoffG/crowd_project/main/true_face/00909.png,0
https://raw.githubusercontent.com/BirkhoffG/crowd_project/main/true_face/00910.png,0
https://raw.githubusercontent.com/BirkhoffG/crowd_project/main/true_face/00911.png,0
https://raw.githubusercontent.com/BirkhoffG/crowd_project/main/true_face/00912.png,0
https://raw.githubusercontent.com/BirkhoffG/crowd_project/main/true_face/00913.png,0
https://raw.githubusercontent.com/BirkhoffG/crowd_project/main/true_face/00914.png,0
https://raw.githubusercontent.com/BirkhoffG/crowd_project/main/true_face/00915.png,0
https://raw.githubusercontent.com/BirkhoffG/crowd_project/main/true_face/00916.png,0
https://raw.githubusercontent.com/BirkhoffG/crowd_project/main/true_face/00917.png,1
https://raw.githubusercontent.com/BirkhoffG/crowd_project/main/true_face/00918.png,0
https://raw.githubusercontent.com/BirkhoffG/crowd_project/main/true_face/00919.png,0
https://raw.githubusercontent.com/BirkhoffG/crowd_project/main/true_face/00920.png,1
https://raw.githubusercontent.com/BirkhoffG/crowd_project/main/true_face/00921.png,0
https://raw.githubusercontent.com/BirkhoffG/crowd_project/main/true_face/00922.png,0
https://raw.githubusercontent.com/BirkhoffG/crowd_project/main/true_face/00923.png,1
https://raw.githubusercontent.com/BirkhoffG/crowd_project/main/true_face/00924.png,1
https://raw.githubusercontent.com/BirkhoffG/crowd_project/main/true_face/00925.png,1
https://raw.githubusercontent.com/BirkhoffG/crowd_project/main/true_face/00926.png,0
https://raw.githubusercontent.com/BirkhoffG/crowd_project/main/true_face/00927.png,0
https://raw.githubusercontent.com/BirkhoffG/crowd_project/main/true_face/00928.png,0
https://raw.githubusercontent.com/BirkhoffG/crowd_project/main/true_face/00929.png,0
https://raw.githubusercontent.com/BirkhoffG/crowd_project/main/true_face/00930.png,0
https://raw.githubusercontent.com/BirkhoffG/crowd_project/main/true_face/00931.png,0
https://raw.githubusercontent.com/BirkhoffG/crowd_project/main/true_face/00932.png,0
https://raw.githubusercontent.com/BirkhoffG/crowd_project/main/true_face/00933.png,0
https://raw.githubusercontent.com/BirkhoffG/crowd_project/main/true_face/00934.png,0
https://raw.githubusercontent.com/BirkhoffG/crowd_project/main/true_face/00935.png,0
https://raw.githubusercontent.com/BirkhoffG/crowd_project/main/true_face/00936.png,1
https://raw.githubusercontent.com/BirkhoffG/crowd_project/main/true_face/00937.png,0
https://raw.githubusercontent.com/BirkhoffG/crowd_project/main/true_face/00938.png,1
https://raw.githubusercontent.com/BirkhoffG/crowd_project/main/true_face/00939.png,0
https://raw.githubusercontent.com/BirkhoffG/crowd_project/main/true_face/00940.png,0
https://raw.githubusercontent.com/BirkhoffG/crowd_project/main/true_face/00941.png,0
https://raw.githubusercontent.com/BirkhoffG/crowd_project/main/true_face/00942.png,1
https://raw.githubusercontent.com/BirkhoffG/crowd_project/main/true_face/00943.png,0
https://raw.githubusercontent.com/BirkhoffG/crowd_project/main/true_face/00944.png,0
https://raw.githubusercontent.com/BirkhoffG/crowd_project/main/true_face/00945.png,1
https://raw.githubusercontent.com/BirkhoffG/crowd_project/main/true_face/00946.png,0
https://raw.githubusercontent.com/BirkhoffG/crowd_project/main/true_face/00947.png,0
https://raw.githubusercontent.com/BirkhoffG/crowd_project/main/true_face/00948.png,0
https://raw.githubusercontent.com/BirkhoffG/crowd_project/main/true_face/00949.png,0
https://raw.githubusercontent.com/BirkhoffG/crowd_project/main/true_face/00950.png,0
https://raw.githubusercontent.com/BirkhoffG/crowd_project/main/true_face/00951.png,0
https://raw.githubusercontent.com/BirkhoffG/crowd_project/main/true_face/00952.png,0
https://raw.githubusercontent.com/BirkhoffG/crowd_project/main/true_face/00953.png,1
https://raw.githubusercontent.com/BirkhoffG/crowd_project/main/true_face/00954.png,0
https://raw.githubusercontent.com/BirkhoffG/crowd_project/main/true_face/00955.png,1
https://raw.githubusercontent.com/BirkhoffG/crowd_project/main/true_face/00956.png,0
https://raw.githubusercontent.com/BirkhoffG/crowd_project/main/true_face/00957.png,0
https://raw.githubusercontent.com/BirkhoffG/crowd_project/main/true_face/00958.png,0
https://raw.githubusercontent.com/BirkhoffG/crowd_project/main/true_face/00959.png,0
https://raw.githubusercontent.com/BirkhoffG/crowd_project/main/true_face/00960.png,0
https://raw.githubusercontent.com/BirkhoffG/crowd_project/main/true_face/00961.png,0
https://raw.githubusercontent.com/BirkhoffG/crowd_project/main/true_face/00962.png,1
https://raw.githubusercontent.com/BirkhoffG/crowd_project/main/true_face/00963.png,0
https://raw.githubusercontent.com/BirkhoffG/crowd_project/main/true_face/00964.png,0
https://raw.githubusercontent.com/BirkhoffG/crowd_project/main/true_face/00965.png,0
https://raw.githubusercontent.com/BirkhoffG/crowd_project/main/true_face/00966.png,0
https://raw.githubusercontent.com/BirkhoffG/crowd_project/main/true_face/00967.png,0
https://raw.githubusercontent.com/BirkhoffG/crowd_project/main/true_face/00968.png,0
https://raw.githubusercontent.com/BirkhoffG/crowd_project/main/true_face/00969.png,1
https://raw.githubusercontent.com/BirkhoffG/crowd_project/main/true_face/00970.png,0
https://raw.githubusercontent.com/BirkhoffG/crowd_project/main/true_face/00971.png,0
https://raw.githubusercontent.com/BirkhoffG/crowd_project/main/true_face/00972.png,0
https://raw.githubusercontent.com/BirkhoffG/crowd_project/main/true_face/00973.png,0
https://raw.githubusercontent.com/BirkhoffG/crowd_project/main/true_face/00974.png,0
https://raw.githubusercontent.com/BirkhoffG/crowd_project/main/true_face/00975.png,0
https://raw.githubusercontent.com/BirkhoffG/crowd_project/main/true_face/00976.png,0
https://raw.githubusercontent.com/BirkhoffG/crowd_project/main/true_face/00977.png,0
https://raw.githubusercontent.com/BirkhoffG/crowd_project/main/true_face/00978.png,0
https://raw.githubusercontent.com/BirkhoffG/crowd_project/main/true_face/00979.png,0
https://raw.githubusercontent.com/BirkhoffG/crowd_project/main/true_face/00980.png,0
https://raw.githubusercontent.com/BirkhoffG/crowd_project/main/true_face/00981.png,0
https://raw.githubusercontent.com/BirkhoffG/crowd_project/main/true_face/00982.png,0
https://raw.githubusercontent.com/BirkhoffG/crowd_project/main/true_face/00983.png,1
https://raw.githubusercontent.com/BirkhoffG/crowd_project/main/true_face/00984.png,1
https://raw.githubusercontent.com/BirkhoffG/crowd_project/main/true_face/00985.png,1
https://raw.githubusercontent.com/BirkhoffG/crowd_project/main/true_face/00986.png,0
https://raw.githubusercontent.com/BirkhoffG/crowd_project/main/true_face/00987.png,0
https://raw.githubusercontent.com/BirkhoffG/crowd_project/main/true_face/00988.png,0
https://raw.githubusercontent.com/BirkhoffG/crowd_project/main/true_face/00989.png,1
https://raw.githubusercontent.com/BirkhoffG/crowd_project/main/true_face/00990.png,0
https://raw.githubusercontent.com/BirkhoffG/crowd_project/main/true_face/00991.png,0
https://raw.githubusercontent.com/BirkhoffG/crowd_project/main/true_face/00992.png,0
https://raw.githubusercontent.com/BirkhoffG/crowd_project/main/true_face/00993.png,1
https://raw.githubusercontent.com/BirkhoffG/crowd_project/main/true_face/00994.png,1
https://raw.githubusercontent.com/BirkhoffG/crowd_project/main/true_face/00995.png,0
https://raw.githubusercontent.com/BirkhoffG/crowd_project/main/true_face/00996.png,0
https://raw.githubusercontent.com/BirkhoffG/crowd_project/main/true_face/00997.png,0
https://raw.githubusercontent.com/BirkhoffG/crowd_project/main/true_face/00998.png,0
https://raw.githubusercontent.com/BirkhoffG/crowd_project/main/true_face/00999.png,0
